"State","County","Year","Days with AQI","Good Days","Moderate Days","Unhealthy for Sensitive Groups Days","Unhealthy Days","Very Unhealthy Days","Hazardous Days","Max AQI","90th Percentile AQI","Median AQI","Days CO","Days NO2","Days Ozone","Days PM2.5","Days PM10"
"Alabama","Calhoun",1994,56,56,0,0,0,0,0,43,37,19,0,0,0,0,56
"Alabama","Clay",1994,353,276,64,11,2,0,0,197,74,38,0,0,353,0,0
"Alabama","Colbert",1994,285,190,75,19,1,0,0,185,93,42,0,0,274,0,11
"Alabama","DeKalb",1994,347,266,70,11,0,0,0,143,77,38,0,0,341,0,6
"Alabama","Elmore",1994,317,262,44,10,1,0,0,159,74,35,0,0,317,0,0
"Alabama","Escambia",1994,60,59,1,0,0,0,0,58,40,23,0,0,0,0,60
"Alabama","Etowah",1994,61,59,2,0,0,0,0,60,44,29,0,0,0,0,61
"Alabama","Franklin",1994,57,56,1,0,0,0,0,54,33,19,0,0,0,0,57
"Alabama","Geneva",1994,285,262,21,2,0,0,0,108,48,31,0,0,285,0,0
"Alabama","Houston",1994,56,53,3,0,0,0,0,72,44,22,0,0,0,0,56
"Alabama","Jackson",1994,46,45,1,0,0,0,0,51,32,19,0,0,0,0,46
"Alabama","Jefferson",1994,365,254,93,15,3,0,0,166,83,43,91,0,196,0,78
"Alabama","Lawrence",1994,345,230,104,10,1,0,0,154,77,42,0,0,292,53,0
"Alabama","Madison",1994,365,272,77,14,2,0,0,195,90,37,38,0,276,0,51
"Alabama","Marengo",1994,60,60,0,0,0,0,0,43,37,22,0,0,0,0,60
"Alabama","Mobile",1994,365,320,38,7,0,0,0,126,54,31,0,0,327,0,38
"Alabama","Montgomery",1994,363,316,39,7,1,0,0,164,58,32,0,0,320,0,43
"Alabama","Morgan",1994,103,102,1,0,0,0,0,56,36,26,0,0,57,0,46
"Alabama","Pike",1994,56,56,0,0,0,0,0,45,39,25,0,0,0,0,56
"Alabama","Russell",1994,61,61,0,0,0,0,0,48,41,23,0,0,0,0,61
"Alabama","Shelby",1994,346,266,60,15,5,0,0,185,87,37,0,75,264,0,7
"Alabama","Sumter",1994,315,283,30,2,0,0,0,136,51,31,0,0,315,0,0
"Alabama","Talladega",1994,59,57,2,0,0,0,0,57,41,27,0,0,0,0,59
"Alabama","Tuscaloosa",1994,58,58,0,0,0,0,0,49,38,23,0,0,0,0,58
"Alabama","Walker",1994,57,57,0,0,0,0,0,43,35,21,0,0,0,0,57
"Alaska","Anchorage ",1994,362,229,125,8,0,0,0,144,81,43,156,0,0,0,206
"Alaska","Denali ",1994,359,358,1,0,0,0,0,51,40,31,0,0,354,5,0
"Alaska","Fairbanks North Star ",1994,269,201,64,3,1,0,0,168,69,32,177,0,0,0,92
"Alaska","Juneau ",1994,364,346,18,0,0,0,0,72,39,14,0,0,0,0,364
"Alaska","Ketchikan Gateway ",1994,146,145,1,0,0,0,0,54,20,9,0,0,0,0,146
"Arizona","Cochise",1994,356,225,127,4,0,0,0,108,74,46,0,0,344,2,10
"Arizona","Coconino",1994,363,233,122,8,0,0,0,119,77,48,0,0,361,2,0
"Arizona","Gila",1994,148,135,13,0,0,0,0,69,47,27,0,0,0,93,55
"Arizona","Graham",1994,54,54,0,0,0,0,0,46,38,22,0,0,0,0,54
"Arizona","Maricopa",1994,365,76,218,65,6,0,0,177,119,71,124,9,227,0,5
"Arizona","Navajo",1994,130,128,2,0,0,0,0,64,32,17,0,0,0,89,41
"Arizona","Pima",1994,365,151,184,30,0,0,0,150,100,55,42,97,220,0,6
"Arizona","Santa Cruz",1994,84,72,12,0,0,0,0,81,53,29,0,0,0,0,84
"Arizona","Yavapai",1994,61,60,1,0,0,0,0,51,33,18,0,0,0,0,61
"Arizona","Yuma",1994,37,36,1,0,0,0,0,56,47,30,0,0,0,0,37
"Arkansas","Arkansas",1994,57,55,2,0,0,0,0,55,41,24,0,0,0,0,57
"Arkansas","Ashley",1994,61,59,2,0,0,0,0,54,40,24,0,0,0,0,61
"Arkansas","Clark",1994,360,291,56,13,0,0,0,147,71,36,0,0,360,0,0
"Arkansas","Craighead",1994,61,56,5,0,0,0,0,57,46,21,0,0,0,0,61
"Arkansas","Crittenden",1994,365,274,71,17,3,0,0,179,93,37,0,0,362,0,3
"Arkansas","Garland",1994,55,54,1,0,0,0,0,51,33,18,0,0,0,0,55
"Arkansas","Jefferson",1994,53,51,2,0,0,0,0,55,36,21,0,0,0,0,53
"Arkansas","Marion",1994,57,57,0,0,0,0,0,35,31,16,0,0,0,0,57
"Arkansas","Miller",1994,61,61,0,0,0,0,0,50,33,19,0,0,0,0,61
"Arkansas","Montgomery",1994,362,343,19,0,0,0,0,90,46,33,0,0,362,0,0
"Arkansas","Newton",1994,362,256,98,8,0,0,0,115,74,43,0,0,308,54,0
"Arkansas","Ouachita",1994,60,60,0,0,0,0,0,46,32,20,0,0,0,0,60
"Arkansas","Phillips",1994,58,58,0,0,0,0,0,49,36,21,0,0,0,0,58
"Arkansas","Polk",1994,55,55,0,0,0,0,0,50,33,19,0,0,0,0,55
"Arkansas","Pope",1994,58,58,0,0,0,0,0,44,37,22,0,0,0,0,58
"Arkansas","Pulaski",1994,365,279,72,12,2,0,0,154,77,40,47,65,247,0,6
"Arkansas","Sebastian",1994,56,56,0,0,0,0,0,44,35,20,0,0,0,0,56
"Arkansas","Union",1994,58,58,0,0,0,0,0,44,36,22,0,0,0,0,58
"Arkansas","Washington",1994,52,52,0,0,0,0,0,49,37,21,0,0,0,0,52
"Arkansas","White",1994,49,49,0,0,0,0,0,49,39,19,0,0,0,0,49
"California","Alameda",1994,365,289,69,4,3,0,0,166,64,39,7,186,166,0,6
"California","Amador",1994,365,221,83,48,13,0,0,197,119,44,14,0,351,0,0
"California","Butte",1994,365,227,94,42,2,0,0,164,101,45,26,105,223,0,11
"California","Calaveras",1994,250,106,57,54,32,1,0,203,156,77,3,0,240,0,7
"California","Colusa",1994,365,234,97,32,2,0,0,161,100,43,0,0,310,0,55
"California","Contra Costa",1994,365,298,57,8,2,0,0,179,67,41,1,149,210,0,5
"California","Del Norte",1994,365,361,4,0,0,0,0,71,42,31,0,0,346,19,0
"California","El Dorado",1994,365,151,137,55,22,0,0,197,129,58,57,11,265,29,3
"California","Fresno",1994,365,133,127,56,45,4,0,206,161,64,33,113,206,0,13
"California","Glenn",1994,363,240,94,27,2,0,0,151,97,40,0,0,329,0,34
"California","Humboldt",1994,61,59,2,0,0,0,0,62,35,20,0,0,0,0,61
"California","Imperial",1994,365,78,147,95,44,1,0,212,154,87,11,6,326,0,22
"California","Inyo",1994,364,182,123,43,7,4,5,1364,115,51,3,0,285,4,72
"California","Kern",1994,365,97,112,54,78,24,0,225,192,81,6,63,264,0,32
"California","Kings",1994,363,197,97,59,10,0,0,192,119,47,0,113,226,0,24
"California","Lake",1994,364,308,54,2,0,0,0,115,58,39,0,0,363,0,1
"California","Los Angeles",1994,365,22,124,96,41,82,0,292,221,107,53,146,164,0,2
"California","Madera",1994,359,241,95,22,1,0,0,151,90,44,0,0,338,0,21
"California","Marin",1994,365,322,43,0,0,0,0,86,52,32,0,226,72,62,5
"California","Mariposa",1994,365,187,96,71,11,0,0,197,129,50,0,0,360,0,5
"California","Mendocino",1994,365,347,18,0,0,0,0,78,45,31,0,64,277,0,24
"California","Merced",1994,364,192,83,66,22,1,0,202,136,49,0,79,271,0,14
"California","Modoc",1994,43,41,2,0,0,0,0,74,43,26,0,0,0,0,43
"California","Mono",1994,365,252,89,21,3,0,0,166,90,44,17,0,335,0,13
"California","Monterey",1994,365,351,10,3,1,0,0,166,45,35,0,52,311,0,2
"California","Napa",1994,365,347,15,3,0,0,0,115,46,31,39,97,223,0,6
"California","Nevada",1994,359,232,88,31,7,1,0,202,101,44,30,0,329,0,0
"California","Orange",1994,365,106,175,69,8,7,0,271,113,66,4,241,115,0,5
"California","Placer",1994,365,183,98,59,19,6,0,213,140,50,7,110,245,0,3
"California","Plumas",1994,248,130,93,25,0,0,0,143,101,48,0,0,214,0,34
"California","Riverside",1994,365,78,113,52,53,69,0,263,214,97,8,100,234,0,23
"California","Sacramento",1994,365,173,137,33,19,3,0,217,133,54,61,94,204,0,6
"California","San Benito",1994,365,256,87,22,0,0,0,147,90,42,0,0,358,7,0
"California","San Bernardino",1994,365,48,118,54,41,104,0,292,239,108,0,116,236,2,11
"California","San Diego",1994,365,85,149,88,39,4,0,217,159,79,6,115,241,0,3
"California","San Francisco",1994,365,322,43,0,0,0,0,90,51,33,26,256,73,0,10
"California","San Joaquin",1994,365,219,111,29,6,0,0,190,100,46,17,135,203,0,10
"California","San Luis Obispo",1994,365,266,87,11,1,0,0,159,80,43,0,66,299,0,0
"California","San Mateo",1994,365,323,41,1,0,0,0,102,55,33,9,242,107,0,7
"California","Santa Barbara",1994,365,115,198,42,9,1,0,212,108,64,13,21,330,0,1
"California","Santa Clara",1994,365,239,113,11,2,0,0,174,79,44,15,193,156,0,1
"California","Santa Cruz",1994,365,343,18,4,0,0,0,126,47,35,0,14,340,0,11
"California","Shasta",1994,362,246,76,33,7,0,0,197,105,43,2,0,351,2,7
"California","Siskiyou",1994,356,326,30,0,0,0,0,93,48,35,0,0,340,0,16
"California","Solano",1994,365,321,39,5,0,0,0,140,54,36,42,85,233,0,5
"California","Sonoma",1994,365,342,20,3,0,0,0,133,47,37,9,121,230,0,5
"California","Stanislaus",1994,365,200,117,38,10,0,0,187,112,47,14,128,205,0,18
"California","Sutter",1994,365,186,95,68,16,0,0,187,133,49,15,85,257,0,8
"California","Tehama",1994,341,238,78,24,1,0,0,154,93,38,0,0,329,0,12
"California","Tulare",1994,365,120,107,59,62,17,0,215,185,68,0,81,265,12,7
"California","Tuolumne",1994,365,211,86,61,7,0,0,172,115,45,14,0,351,0,0
"California","Ventura",1994,365,134,102,69,44,16,0,228,172,71,0,93,271,0,1
"California","Yolo",1994,365,279,74,12,0,0,0,140,80,40,25,0,325,0,15
"Colorado","Adams",1994,365,139,217,9,0,0,0,122,80,55,6,176,156,0,27
"Colorado","Alamosa",1994,351,339,12,0,0,0,0,89,36,20,0,0,0,54,297
"Colorado","Arapahoe",1994,365,216,136,13,0,0,0,147,79,48,2,224,139,0,0
"Colorado","Archuleta",1994,346,269,75,0,2,0,0,154,60,33,0,0,0,0,346
"Colorado","Boulder",1994,365,265,94,6,0,0,0,136,77,43,96,0,260,0,9
"Colorado","Delta",1994,329,291,38,0,0,0,0,97,53,26,0,0,0,0,329
"Colorado","Denver",1994,365,127,227,11,0,0,0,113,83,56,33,288,43,0,1
"Colorado","Douglas",1994,52,52,0,0,0,0,0,31,22,14,0,0,0,0,52
"Colorado","Eagle",1994,130,130,0,0,0,0,0,40,28,14,0,0,0,0,130
"Colorado","El Paso",1994,365,255,107,3,0,0,0,110,62,47,16,218,124,0,7
"Colorado","Fremont",1994,332,325,7,0,0,0,0,62,35,17,0,0,0,0,332
"Colorado","Garfield",1994,64,54,10,0,0,0,0,67,53,27,0,0,0,0,64
"Colorado","Gunnison",1994,362,220,137,5,0,0,0,115,71,48,0,0,345,0,17
"Colorado","Jackson",1994,36,35,1,0,0,0,0,52,34,11,0,0,0,36,0
"Colorado","Jefferson",1994,365,225,111,27,2,0,0,156,97,46,22,33,307,0,3
"Colorado","La Plata",1994,365,244,119,2,0,0,0,122,77,46,0,2,363,0,0
"Colorado","Larimer",1994,365,237,118,10,0,0,0,143,77,47,18,0,343,3,1
"Colorado","Mesa",1994,365,339,26,0,0,0,0,81,48,32,294,0,0,0,71
"Colorado","Montezuma",1994,321,284,37,0,0,0,0,77,54,42,0,0,302,19,0
"Colorado","Pitkin",1994,343,330,13,0,0,0,0,67,36,19,0,0,0,40,303
"Colorado","Prowers",1994,357,343,14,0,0,0,0,94,40,19,0,0,0,0,357
"Colorado","Pueblo",1994,54,53,1,0,0,0,0,55,42,26,0,0,0,0,54
"Colorado","Routt",1994,356,303,52,1,0,0,0,121,57,22,0,0,0,11,345
"Colorado","San Juan",1994,96,96,0,0,0,0,0,47,29,16,0,0,0,96,0
"Colorado","San Miguel",1994,281,251,30,0,0,0,0,100,51,26,0,0,0,0,281
"Colorado","Summit",1994,52,45,7,0,0,0,0,86,54,21,0,0,0,0,52
"Colorado","Teller",1994,12,9,3,0,0,0,0,93,84,44,0,0,0,0,12
"Colorado","Weld",1994,365,294,67,4,0,0,0,119,64,38,79,0,262,0,24
"Connecticut","Fairfield",1994,365,208,112,27,14,4,0,225,105,46,36,185,138,0,6
"Connecticut","Hartford",1994,365,256,82,15,11,1,0,232,89,43,100,131,134,0,0
"Connecticut","Litchfield",1994,232,169,39,19,5,0,0,187,101,41,0,0,206,0,26
"Connecticut","Middlesex",1994,232,171,30,17,12,2,0,232,115,40,0,0,206,0,26
"Connecticut","New Haven",1994,365,185,146,21,11,2,0,219,100,50,5,208,122,0,30
"Connecticut","New London",1994,219,147,50,17,5,0,0,200,105,41,0,0,188,0,31
"Connecticut","Tolland",1994,260,190,43,14,12,1,0,204,101,42,0,71,189,0,0
"Connecticut","Windham",1994,354,284,41,18,10,1,0,201,84,37,0,0,351,0,3
"Country Of Mexico","BAJA CALIFORNIA NORTE",1994,29,8,21,0,0,0,0,83,75,58,0,0,0,0,29
"Country Of Mexico","CHIHUAHUA STATE",1994,283,134,108,25,13,2,1,635,119,54,83,0,154,0,46
"Country Of Mexico","SONORA",1994,68,35,30,3,0,0,0,119,86,45,0,0,0,0,68
"Delaware","Kent",1994,213,128,59,21,5,0,0,179,105,47,0,0,213,0,0
"Delaware","New Castle",1994,365,233,80,34,15,3,0,216,119,44,4,151,199,0,11
"Delaware","Sussex",1994,246,155,65,23,3,0,0,172,101,44,0,0,222,0,24
"District Of Columbia","District of Columbia",1994,365,141,172,43,7,2,0,212,113,56,23,177,90,71,4
"Florida","Alachua",1994,61,60,1,0,0,0,0,54,31,17,0,0,0,0,61
"Florida","Bay",1994,62,61,1,0,0,0,0,51,31,20,0,0,0,0,62
"Florida","Brevard",1994,365,325,34,5,1,0,0,156,51,34,0,0,362,0,3
"Florida","Broward",1994,365,319,41,4,1,0,0,166,55,34,49,49,263,0,4
"Florida","Citrus",1994,105,49,56,0,0,0,0,94,67,51,0,0,0,105,0
"Florida","Duval",1994,365,306,48,10,1,0,0,169,61,36,30,67,258,0,10
"Florida","Escambia",1994,365,291,55,15,4,0,0,197,84,40,0,0,363,0,2
"Florida","Gulf",1994,60,60,0,0,0,0,0,34,30,16,0,0,0,0,60
"Florida","Hamilton",1994,56,56,0,0,0,0,0,42,29,19,0,0,0,0,56
"Florida","Hillsborough",1994,365,310,37,15,3,0,0,159,73,35,50,23,279,0,13
"Florida","Lee",1994,364,325,31,8,0,0,0,150,51,33,0,0,364,0,0
"Florida","Liberty",1994,342,300,33,9,0,0,0,140,54,35,0,0,342,0,0
"Florida","Manatee",1994,361,311,41,9,0,0,0,143,61,34,0,0,353,0,8
"Florida","Miami-Dade",1994,365,289,66,9,1,0,0,154,67,39,13,40,250,51,11
"Florida","Nassau",1994,60,59,1,0,0,0,0,56,39,21,0,0,0,0,60
"Florida","Okaloosa",1994,15,15,0,0,0,0,0,35,29,17,0,0,0,0,15
"Florida","Orange",1994,365,306,48,8,3,0,0,161,67,35,43,36,281,0,5
"Florida","Osceola",1994,360,318,31,10,1,0,0,159,61,33,0,0,360,0,0
"Florida","Palm Beach",1994,365,333,27,5,0,0,0,126,48,31,29,68,262,0,6
"Florida","Pasco",1994,357,309,39,9,0,0,0,147,61,34,0,0,357,0,0
"Florida","Pinellas",1994,365,308,47,9,1,0,0,161,64,35,24,50,281,0,10
"Florida","Polk",1994,365,324,33,8,0,0,0,143,58,32,0,0,365,0,0
"Florida","Putnam",1994,60,59,1,0,0,0,0,54,32,19,0,0,0,0,60
"Florida","Sarasota",1994,365,276,77,10,2,0,0,151,61,43,171,0,173,0,21
"Florida","Seminole",1994,361,318,38,5,0,0,0,143,54,34,0,0,358,0,3
"Florida","St. Johns",1994,359,302,50,6,1,0,0,182,61,37,0,0,359,0,0
"Florida","Volusia",1994,365,315,43,7,0,0,0,147,58,35,0,0,361,0,4
"Georgia","Charlton",1994,98,44,54,0,0,0,0,90,65,52,0,0,0,98,0
"Georgia","Chatham",1994,51,48,3,0,0,0,0,54,49,31,0,0,0,0,51
"Georgia","Chattooga",1994,49,48,1,0,0,0,0,51,33,16,0,0,0,0,49
"Georgia","Dawson",1994,274,211,56,7,0,0,0,150,71,42,0,0,274,0,0
"Georgia","DeKalb",1994,365,293,58,9,5,0,0,182,69,36,43,108,201,0,13
"Georgia","Douglas",1994,256,178,55,19,3,1,0,201,90,42,0,0,256,0,0
"Georgia","Elbert",1994,17,17,0,0,0,0,0,29,29,20,0,0,0,0,17
"Georgia","Fannin",1994,267,201,61,3,2,0,0,172,80,43,0,0,267,0,0
"Georgia","Fulton",1994,319,187,100,24,8,0,0,197,101,46,17,131,158,0,13
"Georgia","Muscogee",1994,269,210,50,8,1,0,0,161,71,40,0,0,269,0,0
"Georgia","Paulding",1994,266,145,86,26,8,1,0,209,115,49,0,0,266,0,0
"Georgia","Pike",1994,359,269,75,12,2,1,0,204,87,39,0,0,359,0,0
"Georgia","Richmond",1994,272,177,61,30,4,0,0,172,108,44,0,0,272,0,0
"Georgia","Rockdale",1994,297,201,65,22,7,2,0,205,101,43,0,34,263,0,0
"Georgia","Spalding",1994,55,55,0,0,0,0,0,40,31,19,0,0,0,0,55
"Georgia","Sumter",1994,364,311,42,10,1,0,0,164,61,35,0,0,364,0,0
"Georgia","Washington",1994,52,44,8,0,0,0,0,63,53,24,0,0,0,0,52
"Hawaii","Hawaii",1994,331,331,0,0,0,0,0,48,36,27,0,0,331,0,0
"Hawaii","Honolulu",1994,365,359,6,0,0,0,0,72,40,29,28,4,304,0,29
"Hawaii","Kauai",1994,45,45,0,0,0,0,0,30,24,19,0,0,0,0,45
"Hawaii","Maui",1994,356,356,0,0,0,0,0,44,36,28,0,0,340,16,0
"Idaho","Ada",1994,254,219,35,0,0,0,0,89,54,33,158,0,0,0,96
"Idaho","Bannock",1994,244,211,33,0,0,0,0,92,53,31,0,25,2,0,217
"Idaho","Bonner",1994,105,83,21,1,0,0,0,102,64,31,0,0,0,0,105
"Idaho","Bonneville",1994,10,10,0,0,0,0,0,36,36,21,0,0,0,0,10
"Idaho","Butte",1994,356,275,81,0,0,0,0,84,62,44,0,0,339,17,0
"Idaho","Canyon",1994,59,46,13,0,0,0,0,80,62,35,0,0,0,0,59
"Idaho","Caribou",1994,61,57,4,0,0,0,0,63,40,22,0,0,0,0,61
"Idaho","Custer",1994,89,84,5,0,0,0,0,78,41,14,0,0,0,89,0
"Idaho","Kootenai",1994,124,108,16,0,0,0,0,84,53,31,0,0,0,0,124
"Idaho","Lemhi",1994,112,99,13,0,0,0,0,78,56,16,0,0,0,98,14
"Idaho","Lewis",1994,61,43,17,1,0,0,0,104,64,40,0,0,0,0,61
"Idaho","Madison",1994,8,8,0,0,0,0,0,39,39,13,0,0,0,0,8
"Idaho","Nez Perce",1994,70,58,12,0,0,0,0,67,55,28,8,0,0,0,62
"Idaho","Shoshone",1994,121,95,26,0,0,0,0,95,59,30,0,0,0,0,121
"Illinois","Adams",1994,354,331,22,1,0,0,0,101,47,29,0,0,341,0,13
"Illinois","Champaign",1994,365,281,67,16,1,0,0,166,80,34,0,0,358,0,7
"Illinois","Coles",1994,57,57,0,0,0,0,0,47,36,16,0,0,0,0,57
"Illinois","Cook",1994,365,140,202,18,3,2,0,214,89,56,6,261,47,0,51
"Illinois","DuPage",1994,359,334,21,3,1,0,0,164,46,27,0,0,334,0,25
"Illinois","Effingham",1994,225,144,52,27,2,0,0,151,105,45,0,0,225,0,0
"Illinois","Jackson",1994,55,54,1,0,0,0,0,61,29,19,0,0,0,0,55
"Illinois","Jersey",1994,222,158,51,10,3,0,0,161,87,42,0,0,222,0,0
"Illinois","Jo Daviess",1994,314,246,56,10,2,0,0,169,80,37,0,0,314,0,0
"Illinois","Kane",1994,364,317,37,7,2,1,0,204,58,32,0,0,364,0,0
"Illinois","La Salle",1994,59,49,10,0,0,0,0,77,60,27,0,0,0,0,59
"Illinois","Lake",1994,354,304,36,8,5,1,0,214,67,31,0,10,344,0,0
"Illinois","Macon",1994,362,294,53,14,1,0,0,161,71,33,0,0,321,0,41
"Illinois","Macoupin",1994,360,283,49,26,2,0,0,159,87,34,0,0,356,0,4
"Illinois","Madison",1994,365,207,108,37,13,0,0,192,112,46,10,0,224,0,131
"Illinois","McHenry",1994,343,303,35,2,3,0,0,164,54,32,0,0,343,0,0
"Illinois","Peoria",1994,365,292,60,12,1,0,0,154,67,40,158,0,206,0,1
"Illinois","Randolph",1994,365,249,98,15,3,0,0,169,85,40,0,0,264,0,101
"Illinois","Rock Island",1994,363,322,38,3,0,0,0,126,51,31,0,0,347,0,16
"Illinois","Saint Clair",1994,365,298,60,7,0,0,0,150,61,39,0,212,123,0,30
"Illinois","Sangamon",1994,365,298,49,15,3,0,0,169,71,34,47,0,313,0,5
"Illinois","Tazewell",1994,59,56,3,0,0,0,0,57,39,22,0,0,0,0,59
"Illinois","Will",1994,364,315,43,5,1,0,0,190,61,32,0,0,326,0,38
"Illinois","Winnebago",1994,365,323,34,6,2,0,0,179,54,33,61,0,300,0,4
"Indiana","Allen",1994,328,229,53,33,12,1,0,202,119,38,105,0,178,0,45
"Indiana","Clark",1994,239,125,53,39,19,3,0,213,150,49,0,0,210,0,29
"Indiana","Dubois",1994,49,48,1,0,0,0,0,77,46,28,0,0,0,0,49
"Indiana","Elkhart",1994,175,115,46,12,2,0,0,192,97,44,0,0,175,0,0
"Indiana","Hamilton",1994,181,83,48,38,12,0,0,197,140,58,0,0,181,0,0
"Indiana","Hancock",1994,181,88,44,34,15,0,0,185,140,51,0,0,181,0,0
"Indiana","Jasper",1994,56,55,1,0,0,0,0,54,39,21,0,0,0,0,56
"Indiana","Knox",1994,360,257,72,23,8,0,0,174,97,38,0,0,360,0,0
"Indiana","LaPorte",1994,189,111,53,16,7,2,0,207,115,46,0,0,174,0,15
"Indiana","Lake",1994,365,239,105,15,6,0,0,190,77,44,8,214,92,0,51
"Indiana","Lawrence",1994,60,47,13,0,0,0,0,70,62,37,0,0,0,0,60
"Indiana","Madison",1994,211,98,58,38,17,0,0,195,147,54,0,0,183,0,28
"Indiana","Marion",1994,365,238,72,37,18,0,0,197,122,42,27,140,159,0,39
"Indiana","Montgomery",1994,271,271,0,0,0,0,0,16,5,2,271,0,0,0,0
"Indiana","Porter",1994,365,302,45,14,3,1,0,204,67,33,0,0,316,0,49
"Indiana","Spencer",1994,365,362,3,0,0,0,0,77,32,18,0,331,0,0,34
"Indiana","St. Joseph",1994,365,275,62,21,6,1,0,202,93,34,35,151,169,0,10
"Indiana","Vanderburgh",1994,364,232,74,43,15,0,0,195,119,41,165,2,180,0,17
"Indiana","Vermillion",1994,61,59,2,0,0,0,0,54,38,19,0,0,0,0,61
"Indiana","Vigo",1994,320,213,59,35,12,1,0,207,122,38,84,0,183,0,53
"Indiana","Wabash",1994,349,254,60,30,5,0,0,185,101,38,0,0,349,0,0
"Indiana","Warrick",1994,199,72,65,40,14,8,0,223,154,71,0,0,182,0,17
"Iowa","Black Hawk",1994,51,49,2,0,0,0,0,56,41,25,0,0,0,0,51
"Iowa","Cerro Gordo",1994,339,283,55,1,0,0,0,103,57,31,0,0,0,0,339
"Iowa","Clinton",1994,290,267,23,0,0,0,0,82,49,27,0,0,0,0,290
"Iowa","Delaware",1994,12,12,0,0,0,0,0,39,26,17,0,0,0,0,12
"Iowa","Linn",1994,365,350,15,0,0,0,0,93,43,30,39,0,290,0,36
"Iowa","Polk",1994,365,326,39,0,0,0,0,80,51,33,58,0,217,0,90
"Iowa","Scott",1994,353,274,71,6,2,0,0,154,74,37,0,0,305,0,48
"Iowa","Woodbury",1994,60,58,2,0,0,0,0,59,39,19,0,0,0,0,60
"Kansas","Cloud",1994,56,55,1,0,0,0,0,54,43,26,0,0,0,0,56
"Kansas","Ford",1994,44,44,0,0,0,0,0,39,30,20,0,0,0,0,44
"Kansas","Johnson",1994,56,52,4,0,0,0,0,79,45,28,0,0,0,0,56
"Kansas","Morton",1994,3,2,1,0,0,0,0,55,55,30,0,0,0,0,3
"Kansas","Neosho",1994,58,57,1,0,0,0,0,51,39,20,0,0,0,0,58
"Kansas","Sedgwick",1994,365,285,74,6,0,0,0,119,67,39,75,0,279,0,11
"Kansas","Shawnee",1994,32,32,0,0,0,0,0,46,42,23,0,0,0,0,32
"Kansas","Sherman",1994,347,319,28,0,0,0,0,90,48,35,17,0,315,0,15
"Kansas","Wyandotte",1994,365,284,75,6,0,0,0,119,67,36,53,0,237,0,75
"Kentucky","Bell",1994,365,303,57,4,1,0,0,174,61,38,151,0,194,0,20
"Kentucky","Boone",1994,212,126,55,26,5,0,0,185,112,46,0,0,212,0,0
"Kentucky","Boyd",1994,365,264,81,15,4,1,0,223,80,41,13,144,144,0,64
"Kentucky","Bullitt",1994,362,294,50,16,2,0,0,159,77,36,0,197,151,0,14
"Kentucky","Campbell",1994,358,278,62,7,11,0,0,174,80,40,0,198,152,0,8
"Kentucky","Carter",1994,56,50,6,0,0,0,0,62,51,24,0,0,0,0,56
"Kentucky","Christian",1994,199,95,73,26,5,0,0,185,112,54,0,2,196,0,1
"Kentucky","Daviess",1994,365,276,59,25,5,0,0,185,93,36,26,112,189,0,38
"Kentucky","Edmonson",1994,313,210,92,10,1,0,0,154,84,43,0,0,251,62,0
"Kentucky","Fayette",1994,365,267,74,19,5,0,0,192,90,41,19,140,178,0,28
"Kentucky","Floyd",1994,52,50,2,0,0,0,0,56,40,24,0,0,0,0,52
"Kentucky","Graves",1994,145,115,27,3,0,0,0,143,71,41,0,0,145,0,0
"Kentucky","Greenup",1994,206,127,58,13,7,1,0,204,101,45,0,0,206,0,0
"Kentucky","Hancock",1994,213,126,59,22,6,0,0,197,112,46,0,0,213,0,0
"Kentucky","Hardin",1994,230,146,50,23,11,0,0,192,119,44,0,0,208,0,22
"Kentucky","Harlan",1994,55,47,8,0,0,0,0,65,52,29,0,0,0,0,55
"Kentucky","Henderson",1994,365,267,80,13,5,0,0,190,87,39,6,159,165,0,35
"Kentucky","Jefferson",1994,365,202,114,33,15,1,0,221,108,48,58,161,143,0,3
"Kentucky","Jessamine",1994,208,145,46,14,3,0,0,174,100,44,0,0,208,0,0
"Kentucky","Kenton",1994,365,253,82,17,13,0,0,195,97,42,14,202,137,0,12
"Kentucky","Lawrence",1994,231,178,40,8,5,0,0,174,77,39,0,0,209,0,22
"Kentucky","Livingston",1994,232,141,68,17,5,1,0,204,100,46,0,0,206,0,26
"Kentucky","Madison",1994,57,56,1,0,0,0,0,73,42,24,0,0,0,0,57
"Kentucky","Marshall",1994,57,55,2,0,0,0,0,60,43,24,0,0,0,0,57
"Kentucky","McCracken",1994,365,289,63,11,2,0,0,166,71,36,10,139,171,0,45
"Kentucky","McLean",1994,214,121,50,30,12,1,0,202,119,48,0,0,214,0,0
"Kentucky","Morgan",1994,357,245,88,17,5,2,0,210,90,44,0,0,357,0,0
"Kentucky","Oldham",1994,211,122,55,26,8,0,0,185,119,45,0,0,211,0,0
"Kentucky","Perry",1994,231,178,47,5,1,0,0,154,77,40,0,0,200,0,31
"Kentucky","Pike",1994,206,162,36,6,2,0,0,164,74,43,0,0,170,0,36
"Kentucky","Pulaski",1994,236,168,59,7,2,0,0,200,84,42,0,0,212,0,24
"Kentucky","Scott",1994,214,111,68,26,9,0,0,197,119,50,0,0,214,0,0
"Kentucky","Simpson",1994,346,268,66,12,0,0,0,143,80,38,0,170,176,0,0
"Kentucky","Trigg",1994,342,230,83,26,3,0,0,182,97,43,0,0,335,0,7
"Kentucky","Warren",1994,61,60,1,0,0,0,0,54,37,18,0,0,0,0,61
"Kentucky","Washington",1994,352,230,88,23,11,0,0,192,100,44,0,0,352,0,0
"Kentucky","Whitley",1994,57,55,2,0,0,0,0,59,37,23,0,0,0,0,57
"Louisiana","Ascension",1994,351,313,26,8,4,0,0,195,58,31,0,0,351,0,0
"Louisiana","Beauregard",1994,362,300,48,12,2,0,0,166,71,34,0,16,346,0,0
"Louisiana","Bossier",1994,360,284,60,16,0,0,0,150,77,37,0,0,354,0,6
"Louisiana","Caddo",1994,363,270,75,17,1,0,0,154,80,39,0,0,358,0,5
"Louisiana","Calcasieu",1994,365,291,58,12,4,0,0,179,77,36,0,12,348,0,5
"Louisiana","East Baton Rouge",1994,365,254,83,21,6,1,0,204,93,42,3,107,252,0,3
"Louisiana","Iberville",1994,365,272,61,25,5,2,0,202,97,38,0,45,315,0,5
"Louisiana","Jackson",1994,59,58,1,0,0,0,0,51,34,19,0,0,0,0,59
"Louisiana","Jefferson",1994,365,324,30,9,2,0,0,172,58,34,0,79,283,0,3
"Louisiana","Lafayette",1994,361,295,48,17,1,0,0,172,74,32,0,0,352,0,9
"Louisiana","Lafourche",1994,347,281,50,12,4,0,0,185,74,33,0,0,347,0,0
"Louisiana","Livingston",1994,361,300,50,7,4,0,0,187,74,34,0,15,346,0,0
"Louisiana","Orleans",1994,365,298,62,3,2,0,0,192,58,39,65,166,131,0,3
"Louisiana","Ouachita",1994,360,295,53,11,1,0,0,182,71,38,0,0,346,0,14
"Louisiana","Pointe Coupee",1994,365,294,55,15,1,0,0,151,77,37,0,19,346,0,0
"Louisiana","Rapides",1994,60,59,1,0,0,0,0,52,37,20,0,0,0,0,60
"Louisiana","St. Bernard",1994,346,271,54,17,3,1,0,203,77,38,0,0,346,0,0
"Louisiana","St. Charles",1994,358,302,42,12,1,1,0,203,71,33,0,0,326,0,32
"Louisiana","St. James",1994,364,298,46,18,2,0,0,172,80,34,0,83,281,0,0
"Louisiana","St. John the Baptist",1994,363,305,39,15,4,0,0,179,71,34,0,0,363,0,0
"Louisiana","St. Mary",1994,364,332,29,3,0,0,0,112,50,30,0,90,274,0,0
"Louisiana","West Baton Rouge",1994,353,304,39,8,2,0,0,172,61,34,0,131,212,0,10
"Maine","Androscoggin",1994,58,57,1,0,0,0,0,51,32,18,0,0,0,0,58
"Maine","Aroostook",1994,365,343,21,1,0,0,0,122,47,34,0,0,320,0,45
"Maine","Cumberland",1994,291,237,36,13,4,1,0,206,71,35,0,3,266,0,22
"Maine","Franklin",1994,123,123,0,0,0,0,0,42,27,13,0,0,0,0,123
"Maine","Hancock",1994,346,292,46,8,0,0,0,140,63,35,0,0,301,45,0
"Maine","Kennebec",1994,297,265,26,5,1,0,0,172,54,33,0,0,228,0,69
"Maine","Knox",1994,256,213,28,11,4,0,0,177,71,34,0,0,202,0,54
"Maine","MOBILE MONITORS",1994,159,97,41,16,5,0,0,187,115,46,0,0,159,0,0
"Maine","Oxford",1994,270,248,20,2,0,0,0,150,48,30,0,0,170,0,100
"Maine","Penobscot",1994,356,323,28,5,0,0,0,150,49,35,0,0,328,0,28
"Maine","Piscataquis",1994,242,234,7,1,0,0,0,115,44,31,0,0,242,0,0
"Maine","Sagadahoc",1994,178,121,37,13,7,0,0,190,112,44,0,0,178,0,0
"Maine","Somerset",1994,224,201,19,4,0,0,0,126,51,32,0,0,196,0,28
"Maine","Washington",1994,277,238,30,9,0,0,0,147,58,32,0,0,184,8,85
"Maine","York",1994,199,144,36,13,5,1,0,209,100,40,0,0,168,0,31
"Maryland","Allegany",1994,54,54,0,0,0,0,0,44,36,17,0,0,0,0,54
"Maryland","Anne Arundel",1994,284,170,55,33,23,3,0,222,150,45,0,0,261,0,23
"Maryland","Baltimore",1994,365,231,96,25,11,2,0,201,101,45,3,210,151,0,1
"Maryland","Baltimore (City)",1994,365,242,108,11,3,1,0,203,80,44,52,215,83,0,15
"Maryland","Carroll",1994,208,113,48,37,8,2,0,209,133,48,0,0,208,0,0
"Maryland","Cecil",1994,234,146,48,31,8,1,0,204,119,45,0,0,210,0,24
"Maryland","Charles",1994,191,119,48,21,3,0,0,161,101,47,0,0,191,0,0
"Maryland","Frederick",1994,58,55,3,0,0,0,0,59,49,23,0,0,0,0,58
"Maryland","Garrett",1994,59,56,3,0,0,0,0,53,48,24,0,0,0,0,59
"Maryland","Harford",1994,359,252,51,28,23,5,0,215,136,38,0,0,359,0,0
"Maryland","Kent",1994,213,114,66,25,8,0,0,161,115,49,0,0,213,0,0
"Maryland","Montgomery",1994,364,267,64,26,7,0,0,187,97,33,155,0,201,0,8
"Maryland","Prince George's",1994,365,239,74,42,8,2,0,216,119,42,87,0,274,0,4
"Maryland","Washington",1994,57,53,4,0,0,0,0,56,49,19,0,0,0,0,57
"Maryland","Wicomico",1994,59,59,0,0,0,0,0,39,27,16,0,0,0,0,59
"Massachusetts","Barnstable",1994,210,148,45,13,4,0,0,177,93,44,0,0,210,0,0
"Massachusetts","Berkshire",1994,155,109,37,9,0,0,0,129,84,43,0,0,155,0,0
"Massachusetts","Bristol",1994,241,173,48,12,8,0,0,195,97,42,0,0,214,0,27
"Massachusetts","Essex",1994,365,268,74,17,6,0,0,179,84,42,0,133,232,0,0
"Massachusetts","Hampden",1994,365,194,138,25,8,0,0,195,100,49,12,228,122,0,3
"Massachusetts","Hampshire",1994,360,263,57,28,10,2,0,205,102,41,0,42,317,0,1
"Massachusetts","Middlesex",1994,365,293,54,11,6,1,0,206,80,35,166,0,198,0,1
"Massachusetts","Norfolk",1994,365,337,27,1,0,0,0,101,48,35,0,363,0,0,2
"Massachusetts","Plymouth",1994,211,180,22,7,2,0,0,156,64,33,0,0,211,0,0
"Massachusetts","Suffolk",1994,365,185,171,6,3,0,0,159,77,50,5,314,42,0,4
"Massachusetts","Worcester",1994,365,248,91,16,9,1,0,202,84,44,15,185,163,0,2
"Michigan","Allegan",1994,197,123,37,27,10,0,0,185,122,44,0,0,183,0,14
"Michigan","Benzie",1994,183,123,40,18,2,0,0,172,101,43,0,0,183,0,0
"Michigan","Berrien",1994,177,118,46,8,5,0,0,161,90,44,0,0,177,0,0
"Michigan","Calhoun",1994,58,56,2,0,0,0,0,60,41,21,0,0,0,0,58
"Michigan","Cass",1994,182,96,54,23,8,1,0,201,119,49,0,0,182,0,0
"Michigan","Cheboygan",1994,24,24,0,0,0,0,0,13,7,6,0,0,0,0,24
"Michigan","Clinton",1994,179,131,38,9,1,0,0,166,74,43,0,0,179,0,0
"Michigan","Genesee",1994,210,162,35,11,2,0,0,166,84,38,0,0,183,0,27
"Michigan","Gratiot",1994,207,207,0,0,0,0,0,11,7,3,207,0,0,0,0
"Michigan","Huron",1994,181,136,31,11,3,0,0,187,93,40,0,0,181,0,0
"Michigan","Ingham",1994,182,139,37,5,1,0,0,161,77,40,0,0,182,0,0
"Michigan","Kalamazoo",1994,365,280,69,14,2,0,0,169,77,38,1,120,241,0,3
"Michigan","Kent",1994,365,299,43,19,3,1,0,215,80,31,120,0,179,0,66
"Michigan","Lenawee",1994,177,103,49,22,3,0,0,177,108,47,0,0,177,0,0
"Michigan","Macomb",1994,365,299,37,22,5,2,0,218,81,34,21,166,178,0,0
"Michigan","Manistee",1994,360,303,47,8,2,0,0,169,71,35,0,0,360,0,0
"Michigan","Marquette",1994,61,61,0,0,0,0,0,44,29,11,0,0,0,0,61
"Michigan","Mason",1994,195,132,41,20,2,0,0,182,108,42,0,0,180,0,15
"Michigan","Midland",1994,20,19,1,0,0,0,0,51,43,24,0,0,0,0,20
"Michigan","Monroe",1994,55,53,2,0,0,0,0,76,43,19,0,0,0,0,55
"Michigan","Muskegon",1994,183,115,42,15,11,0,0,200,122,44,0,0,183,0,0
"Michigan","Oakland",1994,361,312,34,10,5,0,0,187,64,24,186,0,175,0,0
"Michigan","Ottawa",1994,182,118,44,15,5,0,0,190,108,44,0,0,182,0,0
"Michigan","Saginaw",1994,59,59,0,0,0,0,0,44,38,18,0,0,0,0,59
"Michigan","Sanilac",1994,28,27,1,0,0,0,0,61,26,14,0,0,0,0,28
"Michigan","St. Clair",1994,183,131,23,22,5,2,0,202,115,42,0,0,183,0,0
"Michigan","Tuscola",1994,355,295,45,13,2,0,0,174,67,35,0,0,355,0,0
"Michigan","Van Buren",1994,364,360,4,0,0,0,0,58,31,14,0,364,0,0,0
"Michigan","Washtenaw",1994,344,269,58,14,3,0,0,174,80,36,0,0,342,0,2
"Michigan","Wayne",1994,365,196,143,21,3,2,0,203,87,48,11,129,81,0,144
"Minnesota","Anoka",1994,361,337,19,5,0,0,0,136,48,31,0,0,361,0,0
"Minnesota","Carlton",1994,60,60,0,0,0,0,0,39,21,11,0,0,0,0,60
"Minnesota","Dakota",1994,365,346,16,3,0,0,0,112,47,32,6,0,359,0,0
"Minnesota","Hennepin",1994,365,292,73,0,0,0,0,84,58,42,94,263,0,0,8
"Minnesota","Koochiching",1994,354,340,14,0,0,0,0,93,44,31,0,0,354,0,0
"Minnesota","Lake",1994,348,304,41,3,0,0,0,140,54,33,0,0,304,33,11
"Minnesota","Olmsted",1994,359,356,3,0,0,0,0,59,39,26,346,0,0,0,13
"Minnesota","Ramsey",1994,365,274,87,4,0,0,0,118,59,40,125,120,0,0,120
"Minnesota","Saint Louis",1994,349,348,1,0,0,0,0,54,31,19,317,0,0,0,32
"Minnesota","Sherburne",1994,64,64,0,0,0,0,0,31,19,10,0,0,0,0,64
"Minnesota","Stearns",1994,362,346,16,0,0,0,0,85,42,27,362,0,0,0,0
"Minnesota","Washington",1994,228,210,17,1,0,0,0,122,49,35,0,0,201,0,27
"Minnesota","Wright",1994,315,314,1,0,0,0,0,54,36,20,0,315,0,0,0
"Mississippi","Adams",1994,275,239,32,4,0,0,0,140,54,35,0,0,275,0,0
"Mississippi","Coahoma",1994,57,57,0,0,0,0,0,45,32,16,0,0,0,0,57
"Mississippi","DeSoto",1994,275,178,74,20,3,0,0,177,97,44,0,0,275,0,0
"Mississippi","Franklin",1994,269,229,36,4,0,0,0,122,64,34,0,0,269,0,0
"Mississippi","Hancock",1994,268,155,81,25,7,0,0,200,108,48,0,0,268,0,0
"Mississippi","Hinds",1994,365,323,41,1,0,0,0,108,54,31,43,0,241,0,81
"Mississippi","Jackson",1994,288,236,34,17,1,0,0,172,77,34,0,0,271,0,17
"Mississippi","Jones",1994,58,58,0,0,0,0,0,43,37,23,0,0,0,0,58
"Mississippi","Lauderdale",1994,275,235,37,3,0,0,0,133,61,35,0,0,275,0,0
"Mississippi","Lee",1994,275,242,29,3,1,0,0,166,61,34,0,0,275,0,0
"Mississippi","Madison",1994,262,197,56,9,0,0,0,147,77,41,0,0,262,0,0
"Mississippi","Sharkey",1994,275,185,74,14,2,0,0,154,90,45,0,0,275,0,0
"Mississippi","Warren",1994,289,224,56,7,2,0,0,159,77,39,0,0,273,0,16
"Mississippi","Washington",1994,49,49,0,0,0,0,0,41,33,16,0,0,0,0,49
"Mississippi","Yalobusha",1994,336,246,78,10,2,0,0,172,80,40,0,0,336,0,0
"Missouri","Audrain",1994,61,60,1,0,0,0,0,53,33,17,0,0,0,0,61
"Missouri","Buchanan",1994,176,149,27,0,0,0,0,71,54,29,0,0,0,0,176
"Missouri","Christian",1994,3,3,0,0,0,0,0,48,48,17,0,0,0,0,3
"Missouri","Clay",1994,365,246,78,34,7,0,0,195,101,42,23,75,267,0,0
"Missouri","Cole",1994,31,31,0,0,0,0,0,39,30,15,0,0,0,0,31
"Missouri","Greene",1994,365,248,105,12,0,0,0,150,87,45,19,66,280,0,0
"Missouri","Jackson",1994,365,327,36,2,0,0,0,133,51,32,116,29,187,0,33
"Missouri","Jefferson",1994,313,211,65,25,10,2,0,219,105,41,0,0,301,0,12
"Missouri","Marion",1994,46,45,1,0,0,0,0,53,36,22,0,0,0,0,46
"Missouri","Monroe",1994,313,200,83,29,1,0,0,177,100,44,0,0,305,0,8
"Missouri","Platte",1994,352,276,61,14,1,0,0,154,77,32,0,157,195,0,0
"Missouri","Saint Charles",1994,273,167,49,37,18,2,0,220,133,41,0,82,191,0,0
"Missouri","Saint Louis",1994,365,211,102,32,15,5,0,227,119,47,11,198,155,0,1
"Missouri","St. Louis City",1994,365,232,118,11,4,0,0,177,74,44,12,228,89,0,36
"Missouri","Taney",1994,365,365,0,0,0,0,0,27,13,11,365,0,0,0,0
"Montana","Big Horn",1994,64,56,8,0,0,0,0,66,54,23,0,0,0,0,64
"Montana","Broadwater",1994,335,328,7,0,0,0,0,58,27,11,0,0,0,0,335
"Montana","Cascade",1994,361,354,7,0,0,0,0,80,34,18,295,0,0,0,66
"Montana","Fergus",1994,88,78,9,1,0,0,0,104,53,19,0,0,0,0,88
"Montana","Flathead",1994,365,273,89,3,0,0,0,110,69,40,0,0,178,34,153
"Montana","Gallatin",1994,117,102,15,0,0,0,0,70,51,28,0,0,0,0,117
"Montana","Glacier",1994,51,51,0,0,0,0,0,47,32,17,0,0,0,0,51
"Montana","Jefferson",1994,91,84,7,0,0,0,0,69,45,20,0,0,0,0,91
"Montana","Lake",1994,315,281,34,0,0,0,0,91,53,25,0,0,0,0,315
"Montana","Lewis and Clark",1994,365,329,36,0,0,0,0,90,50,24,0,0,0,0,365
"Montana","Lincoln",1994,353,297,56,0,0,0,0,83,56,30,0,0,0,0,353
"Montana","Madison",1994,87,84,2,1,0,0,0,110,37,15,0,0,0,0,87
"Montana","Missoula",1994,365,305,60,0,0,0,0,81,55,36,294,0,0,0,71
"Montana","Park",1994,88,81,6,0,1,0,0,186,47,15,0,0,0,0,88
"Montana","Phillips",1994,91,87,4,0,0,0,0,61,36,16,0,0,0,0,91
"Montana","Ravalli",1994,153,140,13,0,0,0,0,88,44,19,0,0,0,17,136
"Montana","Roosevelt",1994,52,52,0,0,0,0,0,33,23,14,0,0,0,0,52
"Montana","Rosebud",1994,365,324,40,1,0,0,0,102,52,21,0,182,0,0,183
"Montana","Sanders",1994,112,96,16,0,0,0,0,93,54,24,0,0,0,0,112
"Montana","Silver Bow",1994,360,326,34,0,0,0,0,77,48,23,0,0,0,0,360
"Montana","Stillwater",1994,91,90,1,0,0,0,0,51,20,11,0,0,0,0,91
"Montana","Yellowstone",1994,365,340,25,0,0,0,0,87,44,23,341,0,0,0,24
"Nebraska","Adams",1994,49,48,1,0,0,0,0,51,36,20,0,0,0,0,49
"Nebraska","Buffalo",1994,57,52,5,0,0,0,0,66,50,25,0,0,0,0,57
"Nebraska","Cass",1994,231,200,30,1,0,0,0,104,53,26,0,0,0,0,231
"Nebraska","Dawson",1994,55,51,4,0,0,0,0,71,47,24,0,0,0,0,55
"Nebraska","Douglas",1994,365,325,38,2,0,0,0,112,51,31,105,0,159,0,101
"Nebraska","Gage",1994,28,25,3,0,0,0,0,78,56,32,0,0,0,0,28
"Nebraska","Hall",1994,29,29,0,0,0,0,0,44,38,19,0,0,0,0,29
"Nebraska","Lancaster",1994,365,342,22,1,0,0,0,101,47,31,170,0,176,0,19
"Nebraska","Nemaha",1994,29,28,1,0,0,0,0,90,39,22,0,0,0,0,29
"Nebraska","Otoe",1994,60,58,2,0,0,0,0,54,41,24,0,0,0,0,60
"Nebraska","Scotts Bluff",1994,59,58,1,0,0,0,0,55,39,20,0,0,0,0,59
"Nevada","Carson City",1994,60,59,1,0,0,0,0,51,31,19,0,0,0,0,60
"Nevada","Churchill",1994,45,43,2,0,0,0,0,56,38,25,0,0,0,0,45
"Nevada","Clark",1994,364,84,220,57,3,0,0,177,108,73,53,111,199,0,1
"Nevada","Douglas",1994,365,264,99,2,0,0,0,119,67,44,1,54,303,0,7
"Nevada","Elko",1994,134,121,13,0,0,0,0,67,50,21,0,0,0,83,51
"Nevada","Lander",1994,61,57,4,0,0,0,0,71,45,31,0,0,0,0,61
"Nevada","Pershing",1994,44,42,2,0,0,0,0,69,43,23,0,0,0,0,44
"Nevada","Washoe",1994,365,204,155,6,0,0,0,129,80,49,71,0,254,0,40
"Nevada","White Pine",1994,349,280,67,2,0,0,0,105,61,43,0,0,339,6,4
"New Hampshire","Cheshire",1994,231,189,31,11,0,0,0,143,71,37,0,0,202,0,29
"New Hampshire","Coos",1994,178,124,47,7,0,0,0,119,80,43,0,0,135,0,43
"New Hampshire","Grafton",1994,359,344,14,1,0,0,0,122,47,33,0,0,359,0,0
"New Hampshire","Hillsborough",1994,364,277,68,16,3,0,0,166,80,39,95,87,181,0,1
"New Hampshire","Merrimack",1994,211,192,15,3,1,0,0,161,49,28,0,0,177,0,34
"New Hampshire","Rockingham",1994,358,301,36,12,8,1,0,214,71,34,0,156,201,0,1
"New Hampshire","Strafford",1994,58,58,0,0,0,0,0,44,23,10,0,0,0,0,58
"New Hampshire","Sullivan",1994,232,212,17,2,1,0,0,151,50,34,0,0,207,0,25
"New Jersey","Atlantic",1994,365,252,90,21,2,0,0,156,77,38,73,0,205,77,10
"New Jersey","Bergen",1994,365,211,134,15,5,0,0,185,84,47,10,280,66,0,9
"New Jersey","Burlington",1994,357,351,6,0,0,0,0,80,32,17,357,0,0,0,0
"New Jersey","Camden",1994,365,213,96,41,15,0,0,197,119,47,3,177,182,0,3
"New Jersey","Cumberland",1994,352,267,47,34,4,0,0,172,101,36,0,0,352,0,0
"New Jersey","Essex",1994,365,155,186,20,4,0,0,169,90,54,0,310,49,0,6
"New Jersey","Gloucester",1994,359,272,45,36,6,0,0,172,105,35,0,0,345,0,14
"New Jersey","Hudson",1994,365,187,140,29,9,0,0,197,101,50,127,131,99,0,8
"New Jersey","Hunterdon",1994,357,281,44,27,5,0,0,185,93,35,0,0,357,0,0
"New Jersey","Mercer",1994,365,263,51,33,16,2,0,218,122,40,0,55,300,0,10
"New Jersey","Middlesex",1994,365,271,54,28,10,2,0,206,115,39,39,65,250,0,11
"New Jersey","Monmouth",1994,365,298,47,17,3,0,0,185,74,34,77,0,288,0,0
"New Jersey","Morris",1994,365,248,74,32,10,1,0,204,112,43,53,78,234,0,0
"New Jersey","Ocean",1994,365,266,52,39,8,0,0,195,115,40,71,0,294,0,0
"New Jersey","Passaic",1994,60,53,7,0,0,0,0,81,52,29,0,0,0,0,60
"New Jersey","Union",1994,365,146,179,34,6,0,0,195,101,55,23,289,53,0,0
"New Jersey","Warren",1994,55,52,3,0,0,0,0,62,44,22,0,0,0,0,55
"New Mexico","Bernalillo",1994,365,175,179,10,1,0,0,151,78,51,56,127,165,0,17
"New Mexico","Catron",1994,75,71,4,0,0,0,0,53,36,24,0,0,0,75,0
"New Mexico","Chaves",1994,61,61,0,0,0,0,0,48,27,18,0,0,0,0,61
"New Mexico","Cibola",1994,56,56,0,0,0,0,0,33,24,15,0,0,0,0,56
"New Mexico","Dona Ana",1994,365,156,185,20,2,1,1,373,93,54,15,0,257,0,93
"New Mexico","Eddy",1994,358,358,0,0,0,0,0,48,27,16,0,358,0,0,0
"New Mexico","Grant",1994,83,82,1,0,0,0,0,57,29,20,0,0,0,0,83
"New Mexico","Hidalgo",1994,59,59,0,0,0,0,0,39,19,11,0,0,0,0,59
"New Mexico","Lea",1994,52,52,0,0,0,0,0,46,31,18,0,0,0,0,52
"New Mexico","Los Alamos",1994,300,234,65,1,0,0,0,129,67,44,0,21,240,36,3
"New Mexico","Luna",1994,61,61,0,0,0,0,0,41,27,18,0,0,0,0,61
"New Mexico","McKinley",1994,51,51,0,0,0,0,0,33,27,18,0,0,0,0,51
"New Mexico","San Juan",1994,358,358,0,0,0,0,0,46,25,11,249,71,0,0,38
"New Mexico","Sandoval",1994,365,244,104,17,0,0,0,140,84,45,2,0,358,0,5
"New Mexico","Santa Fe",1994,351,351,0,0,0,0,0,31,21,11,238,0,0,0,113
"New Mexico","Taos",1994,338,333,5,0,0,0,0,72,31,12,0,0,0,0,338
"New Mexico","Valencia",1994,364,341,23,0,0,0,0,74,49,39,0,0,364,0,0
"New York","Albany",1994,350,296,38,13,2,1,0,209,74,32,0,2,331,0,17
"New York","Bronx",1994,365,174,177,13,1,0,0,156,80,51,0,349,15,0,1
"New York","Broome",1994,55,55,0,0,0,0,0,50,31,15,0,0,0,0,55
"New York","Chautauqua",1994,362,291,46,25,0,0,0,140,84,35,0,0,359,0,3
"New York","Chemung",1994,350,310,31,9,0,0,0,136,54,31,0,0,345,0,5
"New York","Dutchess",1994,363,300,45,14,4,0,0,195,77,33,0,0,363,0,0
"New York","Erie",1994,365,293,61,11,0,0,0,143,71,38,3,204,157,0,1
"New York","Essex",1994,365,287,65,12,1,0,0,154,77,42,0,0,365,0,0
"New York","Franklin",1994,31,31,0,0,0,0,0,31,19,10,0,0,0,0,31
"New York","Greene",1994,57,57,0,0,0,0,0,37,27,16,0,0,0,0,57
"New York","Hamilton",1994,354,319,29,6,0,0,0,119,50,35,0,0,354,0,0
"New York","Herkimer",1994,359,334,23,2,0,0,0,133,49,34,0,0,358,0,1
"New York","Jefferson",1994,250,194,40,13,3,0,0,156,93,42,0,0,250,0,0
"New York","Kings",1994,365,186,159,16,4,0,0,179,82,50,87,232,45,0,1
"New York","Madison",1994,359,302,48,9,0,0,0,136,64,36,0,0,359,0,0
"New York","Monroe",1994,365,319,32,13,1,0,0,151,58,31,32,0,324,0,9
"New York","Nassau",1994,365,264,96,5,0,0,0,113,63,42,5,359,0,0,1
"New York","New York",1994,365,126,182,39,14,4,0,225,122,57,53,206,93,0,13
"New York","Niagara",1994,365,304,40,18,3,0,0,161,74,33,21,0,339,0,5
"New York","Oneida",1994,364,331,28,5,0,0,0,119,50,31,0,0,353,0,11
"New York","Onondaga",1994,365,305,47,12,1,0,0,169,64,36,96,0,258,0,11
"New York","Putnam",1994,204,162,29,8,5,0,0,197,84,35,0,0,180,0,24
"New York","Queens",1994,284,249,24,6,5,0,0,187,74,22,0,0,284,0,0
"New York","Rensselaer",1994,50,49,1,0,0,0,0,53,33,16,0,0,0,0,50
"New York","Richmond",1994,246,176,41,20,8,1,0,204,115,40,0,0,220,0,26
"New York","Saratoga",1994,356,315,33,7,1,0,0,151,54,32,0,0,348,0,8
"New York","Schenectady",1994,365,326,35,4,0,0,0,122,51,31,71,0,285,0,9
"New York","Steuben",1994,60,60,0,0,0,0,0,48,31,16,0,0,0,0,60
"New York","Suffolk",1994,355,270,46,27,11,1,0,205,101,36,0,0,348,0,7
"New York","Tompkins",1994,244,173,57,13,1,0,0,154,90,40,0,0,244,0,0
"New York","Ulster",1994,363,280,67,16,0,0,0,143,80,39,0,0,357,0,6
"New York","Warren",1994,58,57,1,0,0,0,0,52,31,16,0,0,0,0,58
"New York","Wayne",1994,360,304,41,15,0,0,0,143,77,33,0,0,360,0,0
"New York","Westchester",1994,343,295,29,13,5,1,0,202,67,30,0,0,332,0,11
"North Carolina","Alamance",1994,58,57,1,0,0,0,0,54,35,21,0,0,0,0,58
"North Carolina","Alexander",1994,232,157,65,9,1,0,0,151,87,44,0,0,205,0,27
"North Carolina","Avery",1994,361,266,82,12,1,0,0,185,77,43,0,0,361,0,0
"North Carolina","Beaufort",1994,59,59,0,0,0,0,0,32,24,14,0,0,0,0,59
"North Carolina","Buncombe",1994,365,328,34,3,0,0,0,129,51,32,0,0,203,0,162
"North Carolina","Burke",1994,360,269,74,14,3,0,0,174,80,41,0,0,360,0,0
"North Carolina","Cabarrus",1994,54,53,1,0,0,0,0,53,31,20,0,0,0,0,54
"North Carolina","Camden",1994,202,126,59,15,2,0,0,156,97,45,0,0,202,0,0
"North Carolina","Carteret",1994,322,266,47,8,1,0,0,154,71,39,0,0,322,0,0
"North Carolina","Caswell",1994,183,101,59,20,2,1,0,202,105,48,5,8,170,0,0
"North Carolina","Catawba",1994,55,54,1,0,0,0,0,53,36,22,0,0,0,0,55
"North Carolina","Chatham",1994,186,153,29,4,0,0,0,122,77,34,2,39,126,0,19
"North Carolina","Cumberland",1994,364,271,73,16,4,0,0,159,84,38,151,0,204,0,9
"North Carolina","Davidson",1994,61,60,1,0,0,0,0,64,34,24,0,0,0,0,61
"North Carolina","Davie",1994,237,192,44,1,0,0,0,108,64,39,0,0,212,0,25
"North Carolina","Duplin",1994,212,154,47,10,1,0,0,161,84,42,0,0,212,0,0
"North Carolina","Durham",1994,365,256,84,22,3,0,0,172,93,40,162,0,198,0,5
"North Carolina","Edgecombe",1994,61,61,0,0,0,0,0,49,30,18,0,0,0,0,61
"North Carolina","Forsyth",1994,365,233,103,22,6,1,0,205,100,45,88,89,185,0,3
"North Carolina","Franklin",1994,213,108,71,29,5,0,0,182,115,50,0,0,213,0,0
"North Carolina","Gaston",1994,167,166,1,0,0,0,0,51,39,22,167,0,0,0,0
"North Carolina","Granville",1994,226,149,62,14,1,0,0,156,97,44,0,0,208,0,18
"North Carolina","Guilford",1994,365,258,73,29,5,0,0,192,97,38,148,0,209,0,8
"North Carolina","Halifax",1994,56,56,0,0,0,0,0,44,30,19,0,0,0,0,56
"North Carolina","Harnett",1994,58,58,0,0,0,0,0,48,33,23,0,0,0,0,58
"North Carolina","Haywood",1994,166,128,37,1,0,0,0,101,77,41,0,0,101,31,34
"North Carolina","Henderson",1994,54,54,0,0,0,0,0,39,30,20,0,0,0,0,54
"North Carolina","Johnston",1994,213,115,59,34,5,0,0,179,115,49,0,0,213,0,0
"North Carolina","Lincoln",1994,239,132,72,29,6,0,0,200,115,48,0,1,213,0,25
"North Carolina","Macon",1994,363,307,50,6,0,0,0,150,67,37,0,0,363,0,0
"North Carolina","McDowell",1994,60,60,0,0,0,0,0,50,37,23,0,0,0,0,60
"North Carolina","Mecklenburg",1994,365,249,88,19,9,0,0,192,93,44,107,72,183,0,3
"North Carolina","Mitchell",1994,57,57,0,0,0,0,0,49,44,25,0,0,0,0,57
"North Carolina","Montgomery",1994,349,247,83,18,1,0,0,166,87,40,0,0,349,0,0
"North Carolina","New Hanover",1994,237,155,64,16,2,0,0,177,97,44,0,0,213,0,24
"North Carolina","Onslow",1994,54,53,1,0,0,0,0,57,26,19,0,0,0,0,54
"North Carolina","Orange",1994,65,49,16,0,0,0,0,67,57,30,65,0,0,0,0
"North Carolina","Pasquotank",1994,46,45,1,0,0,0,0,64,24,14,0,0,0,0,46
"North Carolina","Pitt",1994,230,162,60,8,0,0,0,136,84,41,0,0,206,0,24
"North Carolina","Rockingham",1994,214,99,78,29,8,0,0,185,122,54,0,0,214,0,0
"North Carolina","Rowan",1994,210,111,66,22,9,2,0,202,119,49,0,4,180,0,26
"North Carolina","Wake",1994,365,213,110,31,11,0,0,197,108,46,159,0,202,0,4
"North Carolina","Watauga",1994,37,37,0,0,0,0,0,35,31,19,0,0,0,0,37
"North Carolina","Wayne",1994,61,61,0,0,0,0,0,46,31,19,0,0,0,0,61
"North Carolina","Wilson",1994,60,60,0,0,0,0,0,48,32,18,0,0,0,0,60
"North Carolina","Yancey",1994,168,82,74,10,2,0,0,161,93,51,0,0,168,0,0
"North Dakota","Burleigh",1994,61,61,0,0,0,0,0,44,24,14,0,0,0,0,61
"North Dakota","Cass",1994,172,169,3,0,0,0,0,53,40,15,86,0,41,0,45
"North Dakota","Grand Forks",1994,82,80,2,0,0,0,0,59,29,15,0,0,0,0,82
"North Dakota","McKenzie",1994,198,186,12,0,0,0,0,84,49,41,0,0,193,0,5
"North Dakota","McLean",1994,33,33,0,0,0,0,0,29,20,7,0,0,0,0,33
"North Dakota","Mercer",1994,365,357,7,1,0,0,0,101,45,27,0,175,173,0,17
"North Dakota","Oliver",1994,365,356,9,0,0,0,0,64,46,31,0,91,274,0,0
"North Dakota","Stark",1994,58,58,0,0,0,0,0,34,19,9,0,0,0,0,58
"North Dakota","Steele",1994,184,184,0,0,0,0,0,46,36,27,0,9,173,0,2
"North Dakota","Williams",1994,56,54,2,0,0,0,0,56,24,10,0,0,0,0,56
"Ohio","Adams",1994,134,134,0,0,0,0,0,39,26,13,7,121,0,0,6
"Ohio","Allen",1994,238,140,59,32,7,0,0,177,119,45,0,0,207,0,31
"Ohio","Ashtabula",1994,212,152,42,15,3,0,0,154,87,43,0,0,212,0,0
"Ohio","Athens",1994,56,54,2,0,0,0,0,52,31,16,0,0,0,0,56
"Ohio","Belmont",1994,62,54,8,0,0,0,0,62,54,28,0,0,0,0,62
"Ohio","Butler",1994,364,247,74,30,12,1,0,206,108,40,0,0,325,0,39
"Ohio","Clark",1994,214,112,60,31,9,2,0,207,122,50,0,0,214,0,0
"Ohio","Clermont",1994,210,123,56,22,9,0,0,177,112,46,0,0,210,0,0
"Ohio","Clinton",1994,212,116,55,26,15,0,0,200,133,49,0,0,212,0,0
"Ohio","Columbiana",1994,365,257,94,14,0,0,0,149,78,35,0,259,0,0,106
"Ohio","Crawford",1994,333,243,59,27,4,0,0,174,97,37,0,0,333,0,0
"Ohio","Cuyahoga",1994,365,172,161,27,5,0,0,195,99,51,22,133,79,0,131
"Ohio","Fayette",1994,357,256,66,29,6,0,0,185,100,38,0,0,357,0,0
"Ohio","Franklin",1994,365,269,63,27,6,0,0,174,100,35,78,0,193,0,94
"Ohio","Greene",1994,61,59,2,0,0,0,0,54,36,19,0,0,0,0,61
"Ohio","Hamilton",1994,365,252,82,17,14,0,0,192,93,43,22,204,113,0,26
"Ohio","Hancock",1994,61,61,0,0,0,0,0,45,40,32,0,0,0,0,61
"Ohio","Jackson",1994,20,20,0,0,0,0,0,46,34,19,0,0,0,0,20
"Ohio","Jefferson",1994,365,247,100,15,2,1,0,233,87,42,10,122,137,0,96
"Ohio","Knox",1994,210,126,51,28,5,0,0,174,108,46,0,0,210,0,0
"Ohio","Lake",1994,365,273,48,28,16,0,0,192,112,33,140,0,214,0,11
"Ohio","Lawrence",1994,234,157,54,19,3,1,0,204,100,44,0,0,204,0,30
"Ohio","Licking",1994,208,116,55,31,6,0,0,169,115,47,0,0,208,0,0
"Ohio","Logan",1994,209,104,55,40,10,0,0,197,129,51,0,0,209,0,0
"Ohio","Lorain",1994,288,217,55,15,1,0,0,169,90,36,0,0,201,0,87
"Ohio","Lucas",1994,365,280,58,19,6,2,0,219,97,35,57,0,205,0,103
"Ohio","Madison",1994,211,118,60,27,6,0,0,195,119,48,0,0,211,0,0
"Ohio","Mahoning",1994,365,303,46,16,0,0,0,143,77,28,91,0,191,0,83
"Ohio","Medina",1994,213,126,52,30,4,1,0,203,108,46,0,0,213,0,0
"Ohio","Miami",1994,213,182,30,0,1,0,0,154,61,35,0,0,213,0,0
"Ohio","Monroe",1994,60,53,7,0,0,0,0,86,53,25,0,0,0,0,60
"Ohio","Montgomery",1994,365,257,70,29,9,0,0,200,101,35,143,0,205,0,17
"Ohio","Noble",1994,353,248,59,40,6,0,0,161,108,37,0,0,348,0,5
"Ohio","Ottawa",1994,54,54,0,0,0,0,0,48,40,23,0,0,0,0,54
"Ohio","Pickaway",1994,19,19,0,0,0,0,0,43,39,26,0,19,0,0,0
"Ohio","Portage",1994,210,136,45,25,4,0,0,161,115,45,0,0,210,0,0
"Ohio","Preble",1994,214,143,52,14,5,0,0,174,97,44,0,0,214,0,0
"Ohio","Richland",1994,161,154,7,0,0,0,0,58,45,24,0,0,0,0,161
"Ohio","Sandusky",1994,182,159,23,0,0,0,0,68,52,31,0,0,0,0,182
"Ohio","Scioto",1994,310,284,26,0,0,0,0,73,47,27,0,23,0,0,287
"Ohio","Seneca",1994,161,146,15,0,0,0,0,82,45,23,0,0,0,0,161
"Ohio","Stark",1994,365,275,49,37,4,0,0,166,105,34,29,0,210,0,126
"Ohio","Summit",1994,365,287,49,27,2,0,0,154,92,34,94,0,186,0,85
"Ohio","Trumbull",1994,289,200,53,31,5,0,0,172,112,42,0,0,212,0,77
"Ohio","Tuscarawas",1994,257,184,44,26,3,0,0,156,105,40,0,0,212,0,45
"Ohio","Warren",1994,209,113,60,20,15,1,0,201,133,47,0,0,209,0,0
"Ohio","Washington",1994,211,110,62,24,15,0,0,200,126,50,0,0,211,0,0
"Ohio","Wyandot",1994,140,132,8,0,0,0,0,69,45,23,0,0,0,0,140
"Oklahoma","Carter",1994,36,35,1,0,0,0,0,52,43,21,0,0,0,0,36
"Oklahoma","Cleveland",1994,365,285,69,11,0,0,0,147,74,40,1,126,235,0,3
"Oklahoma","Comanche",1994,365,289,62,14,0,0,0,140,74,37,0,134,217,0,14
"Oklahoma","Kay",1994,55,53,2,0,0,0,0,69,38,23,0,0,0,0,55
"Oklahoma","Mayes",1994,50,49,1,0,0,0,0,52,40,23,0,0,0,0,50
"Oklahoma","McClain",1994,364,321,40,3,0,0,0,129,54,36,0,0,364,0,0
"Oklahoma","Muskogee",1994,310,305,5,0,0,0,0,69,36,18,0,269,0,0,41
"Oklahoma","Oklahoma",1994,365,211,116,34,4,0,0,166,101,47,51,70,243,0,1
"Oklahoma","Tulsa",1994,365,221,99,36,8,1,0,202,108,45,32,76,255,0,2
"Oklahoma","Woodward",1994,55,55,0,0,0,0,0,40,26,17,0,0,0,0,55
"Oregon","Clackamas",1994,188,159,24,4,1,0,0,154,64,36,0,0,153,0,35
"Oregon","Columbia",1994,152,144,7,0,1,0,0,151,42,31,0,0,152,0,0
"Oregon","Deschutes",1994,211,177,34,0,0,0,0,96,54,32,85,0,0,0,126
"Oregon","Douglas",1994,150,139,11,0,0,0,0,70,44,21,0,0,0,0,150
"Oregon","Jackson",1994,365,256,107,2,0,0,0,104,64,45,200,0,111,0,54
"Oregon","Josephine",1994,237,204,33,0,0,0,0,72,54,38,200,0,0,0,37
"Oregon","Klamath",1994,261,210,51,0,0,0,0,75,57,28,72,0,0,38,151
"Oregon","Lake",1994,208,179,27,2,0,0,0,115,59,22,0,0,0,0,208
"Oregon","Lane",1994,365,277,85,3,0,0,0,136,59,39,147,0,123,21,74
"Oregon","Marion",1994,180,139,41,0,0,0,0,96,63,33,180,0,0,0,0
"Oregon","Multnomah",1994,365,311,54,0,0,0,0,96,54,35,303,41,0,0,21
"Oregon","Umatilla",1994,206,187,19,0,0,0,0,73,50,25,0,0,0,0,206
"Oregon","Union",1994,179,154,23,2,0,0,0,122,54,28,0,0,0,0,179
"Pennsylvania","Adams",1994,358,248,69,34,6,1,0,203,105,40,0,0,358,0,0
"Pennsylvania","Allegheny",1994,365,170,149,31,11,4,0,205,112,52,7,161,124,0,73
"Pennsylvania","Beaver",1994,361,280,59,17,5,0,0,177,87,40,19,172,165,0,5
"Pennsylvania","Berks",1994,365,269,72,21,2,1,0,207,87,42,14,210,138,0,3
"Pennsylvania","Blair",1994,365,268,77,14,6,0,0,187,87,39,1,171,187,0,6
"Pennsylvania","Bucks",1994,362,228,95,26,11,2,0,210,112,44,21,207,132,0,2
"Pennsylvania","Cambria",1994,365,283,66,14,2,0,0,164,77,39,5,189,164,0,7
"Pennsylvania","Centre",1994,364,269,69,21,5,0,0,187,93,38,0,0,364,0,0
"Pennsylvania","Chester",1994,47,40,7,0,0,0,0,62,56,29,0,0,0,0,47
"Pennsylvania","Dauphin",1994,361,227,98,27,7,2,0,208,100,43,0,197,158,0,6
"Pennsylvania","Delaware",1994,363,239,86,32,6,0,0,200,101,44,0,218,143,0,2
"Pennsylvania","Elk",1994,361,291,54,16,0,0,0,140,71,38,0,0,361,0,0
"Pennsylvania","Erie",1994,365,280,57,21,7,0,0,174,87,39,35,167,155,0,8
"Pennsylvania","Lackawanna",1994,365,246,91,23,5,0,0,174,90,44,7,176,165,0,17
"Pennsylvania","Lancaster",1994,363,260,64,33,5,1,0,201,101,42,10,176,165,0,12
"Pennsylvania","Lawrence",1994,365,294,63,6,2,0,0,159,64,40,2,217,135,0,11
"Pennsylvania","Lehigh",1994,365,258,84,21,2,0,0,190,87,42,30,168,164,0,3
"Pennsylvania","Luzerne",1994,365,279,63,20,3,0,0,154,84,38,14,154,188,0,9
"Pennsylvania","Lycoming",1994,238,200,35,3,0,0,0,112,58,36,0,0,206,0,32
"Pennsylvania","Mercer",1994,363,273,53,32,5,0,0,195,101,38,0,0,355,0,8
"Pennsylvania","Montgomery",1994,364,219,110,26,9,0,0,179,100,47,2,222,140,0,0
"Pennsylvania","Northampton",1994,364,219,103,36,5,1,0,202,103,45,10,199,153,0,2
"Pennsylvania","Perry",1994,365,287,50,24,4,0,0,177,87,32,0,149,207,0,9
"Pennsylvania","Philadelphia",1994,365,136,159,47,20,2,1,419,119,57,6,225,97,0,37
"Pennsylvania","Schuylkill",1994,365,365,0,0,0,0,0,20,13,7,365,0,0,0,0
"Pennsylvania","Somerset",1994,360,277,61,19,3,0,0,190,90,36,0,0,360,0,0
"Pennsylvania","Washington",1994,363,258,64,30,11,0,0,192,101,42,2,214,147,0,0
"Pennsylvania","Westmoreland",1994,195,154,24,10,7,0,0,187,93,36,0,0,163,0,32
"Pennsylvania","York",1994,364,246,88,28,1,1,0,202,87,42,6,232,122,0,4
"Puerto Rico","Barceloneta",1994,55,49,6,0,0,0,0,70,51,19,0,0,0,0,55
"Puerto Rico","Bayamon",1994,47,45,2,0,0,0,0,64,40,18,0,0,0,0,47
"Puerto Rico","Carolina",1994,57,55,2,0,0,0,0,62,42,23,0,0,0,0,57
"Puerto Rico","Catano",1994,49,46,3,0,0,0,0,57,45,22,0,0,0,0,49
"Puerto Rico","Fajardo",1994,51,47,4,0,0,0,0,61,32,20,0,0,0,0,51
"Puerto Rico","Guayama",1994,65,61,3,1,0,0,0,104,47,29,0,0,0,0,65
"Puerto Rico","Guaynabo",1994,364,320,44,0,0,0,0,70,52,30,0,0,0,0,364
"Puerto Rico","Manati",1994,54,49,5,0,0,0,0,66,49,25,0,0,0,0,54
"Puerto Rico","Ponce",1994,61,58,3,0,0,0,0,68,36,21,0,0,0,0,61
"Puerto Rico","San Juan",1994,362,325,37,0,0,0,0,67,51,37,289,0,0,0,73
"Rhode Island","Kent",1994,207,155,26,19,5,2,0,219,115,39,0,0,179,0,28
"Rhode Island","Providence",1994,365,276,66,19,3,1,0,209,71,41,54,168,134,0,9
"South Carolina","Abbeville",1994,317,254,56,6,1,0,0,151,67,39,0,0,317,0,0
"South Carolina","Aiken",1994,359,295,54,9,1,0,0,169,71,35,0,71,280,0,8
"South Carolina","Anderson",1994,349,263,71,11,4,0,0,179,80,39,0,0,340,0,9
"South Carolina","Barnwell",1994,343,294,37,10,2,0,0,177,64,34,0,65,265,0,13
"South Carolina","Berkeley",1994,364,302,54,6,2,0,0,161,64,36,0,0,364,0,0
"South Carolina","Charleston",1994,365,314,51,0,0,0,0,97,54,34,1,97,186,26,55
"South Carolina","Cherokee",1994,319,220,79,18,2,0,0,166,90,43,0,0,319,0,0
"South Carolina","Chester",1994,312,249,55,7,1,0,0,154,64,39,0,0,312,0,0
"South Carolina","Colleton",1994,343,293,43,5,2,0,0,161,61,32,0,0,343,0,0
"South Carolina","Darlington",1994,248,185,44,16,3,0,0,174,80,39,0,0,248,0,0
"South Carolina","Edgefield",1994,361,305,50,5,1,0,0,169,64,36,0,0,361,0,0
"South Carolina","Fairfield",1994,59,57,2,0,0,0,0,54,36,21,0,0,0,0,59
"South Carolina","Georgetown",1994,363,322,41,0,0,0,0,83,51,29,0,0,0,0,363
"South Carolina","Greenville",1994,363,331,32,0,0,0,0,65,50,31,30,185,0,0,148
"South Carolina","Lexington",1994,332,256,76,0,0,0,0,84,58,31,0,0,0,0,332
"South Carolina","Oconee",1994,328,253,64,9,2,0,0,161,77,41,5,0,323,0,0
"South Carolina","Pickens",1994,294,233,54,6,1,0,0,161,67,40,0,0,294,0,0
"South Carolina","Richland",1994,365,216,127,19,3,0,0,177,84,46,12,33,204,0,116
"South Carolina","Spartanburg",1994,294,217,60,14,3,0,0,172,87,38,0,0,277,0,17
"South Carolina","Union",1994,292,224,58,8,2,0,0,172,74,38,0,0,292,0,0
"South Carolina","Williamsburg",1994,213,182,25,6,0,0,0,147,64,35,0,0,213,0,0
"South Carolina","York",1994,322,253,57,9,3,0,0,166,74,38,0,0,306,0,16
"South Dakota","Brookings",1994,60,56,4,0,0,0,0,57,41,20,0,0,0,0,60
"South Dakota","Jackson",1994,105,91,14,0,0,0,0,63,52,24,0,0,0,105,0
"South Dakota","Minnehaha",1994,61,61,0,0,0,0,0,43,39,20,0,0,0,0,61
"South Dakota","Pennington",1994,360,275,85,0,0,0,0,95,59,36,0,0,0,0,360
"Tennessee","Anderson",1994,206,109,61,31,5,0,0,190,119,49,0,0,206,0,0
"Tennessee","Blount",1994,352,202,114,29,6,1,0,204,101,47,0,0,318,30,4
"Tennessee","Bradley",1994,365,264,76,22,3,0,0,182,87,40,0,144,215,0,6
"Tennessee","Claiborne",1994,352,254,84,12,2,0,0,190,84,43,0,0,352,0,0
"Tennessee","Davidson",1994,365,222,116,19,8,0,0,187,90,46,63,92,196,0,14
"Tennessee","DeKalb",1994,348,267,72,7,2,0,0,177,77,41,0,0,348,0,0
"Tennessee","Dickson",1994,221,134,57,26,4,0,0,182,108,46,0,7,191,0,23
"Tennessee","Giles",1994,40,40,0,0,0,0,0,46,29,18,0,0,0,0,40
"Tennessee","Hamblen",1994,362,256,79,24,3,0,0,174,93,39,0,86,266,0,10
"Tennessee","Hamilton",1994,365,262,82,15,5,1,0,201,90,39,0,0,344,0,21
"Tennessee","Haywood",1994,248,144,78,21,5,0,0,192,101,45,0,8,235,0,5
"Tennessee","Jefferson",1994,209,105,66,33,5,0,0,169,112,50,0,0,209,0,0
"Tennessee","Knox",1994,365,267,78,15,5,0,0,182,80,39,139,0,202,0,24
"Tennessee","Madison",1994,365,260,82,16,7,0,0,190,87,42,0,129,231,0,5
"Tennessee","Maury",1994,235,171,56,7,1,0,0,154,77,40,0,0,203,0,32
"Tennessee","McMinn",1994,355,340,15,0,0,0,0,80,41,25,0,313,0,0,42
"Tennessee","Montgomery",1994,51,50,1,0,0,0,0,51,31,19,0,0,0,0,51
"Tennessee","Roane",1994,103,99,4,0,0,0,0,64,44,23,0,0,0,0,103
"Tennessee","Rutherford",1994,201,121,71,7,2,0,0,159,87,45,0,0,201,0,0
"Tennessee","Sevier",1994,329,171,112,42,3,1,0,206,112,50,0,0,329,0,0
"Tennessee","Shelby",1994,365,198,123,38,6,0,0,179,108,47,64,127,170,0,4
"Tennessee","Sullivan",1994,365,265,82,15,3,0,0,166,80,41,13,144,187,0,21
"Tennessee","Sumner",1994,214,101,73,22,18,0,0,200,140,54,0,1,213,0,0
"Tennessee","Union",1994,60,53,7,0,0,0,0,59,51,30,0,0,0,0,60
"Tennessee","Washington",1994,54,53,1,0,0,0,0,51,34,25,0,0,0,0,54
"Tennessee","Williamson",1994,213,151,44,18,0,0,0,147,100,42,0,6,207,0,0
"Tennessee","Wilson",1994,196,131,55,9,1,0,0,156,87,45,0,0,196,0,0
"Texas","Bell",1994,57,57,0,0,0,0,0,36,23,13,0,0,0,0,57
"Texas","Bexar",1994,365,299,46,16,4,0,0,195,74,35,30,0,327,0,8
"Texas","Brazoria",1994,315,251,47,14,2,1,0,205,80,35,0,0,315,0,0
"Texas","Brewster",1994,348,268,77,3,0,0,0,119,61,44,0,0,325,23,0
"Texas","Cameron",1994,342,324,14,4,0,0,0,140,44,25,49,0,264,0,29
"Texas","Carson",1994,59,55,2,2,0,0,0,104,41,18,0,0,0,0,59
"Texas","Collin",1994,321,216,61,22,21,1,0,204,126,42,0,0,313,0,8
"Texas","Culberson",1994,87,80,7,0,0,0,0,82,48,27,0,0,0,87,0
"Texas","Dallas",1994,365,249,83,27,6,0,0,179,100,43,42,133,178,0,12
"Texas","Denton",1994,360,227,75,34,23,1,0,203,133,44,0,0,360,0,0
"Texas","El Paso",1994,365,125,200,33,6,1,0,201,101,58,25,215,112,0,13
"Texas","Ellis",1994,60,58,2,0,0,0,0,65,34,23,0,0,0,0,60
"Texas","Galveston",1994,310,255,35,15,4,1,0,206,77,35,0,0,289,0,21
"Texas","Gregg",1994,335,248,70,15,2,0,0,156,84,38,0,0,335,0,0
"Texas","Harris",1994,365,167,115,36,34,13,0,234,159,54,4,140,203,0,18
"Texas","Jefferson",1994,360,284,53,17,6,0,0,177,80,36,5,35,315,0,5
"Texas","Lubbock",1994,345,316,25,1,3,0,0,199,47,23,0,0,0,0,345
"Texas","Nueces",1994,357,300,46,8,3,0,0,192,67,32,0,0,335,0,22
"Texas","Orange",1994,350,302,38,8,2,0,0,172,61,33,0,52,298,0,0
"Texas","Potter",1994,58,57,1,0,0,0,0,53,27,16,0,0,0,0,58
"Texas","Smith",1994,170,129,27,13,1,0,0,166,97,32,0,0,132,0,38
"Texas","Tarrant",1994,365,225,81,29,24,6,0,214,143,46,15,78,272,0,0
"Texas","Travis",1994,365,268,81,12,4,0,0,159,77,41,30,93,240,0,2
"Texas","Victoria",1994,312,267,38,6,1,0,0,164,61,32,0,0,312,0,0
"Texas","Webb",1994,47,41,6,0,0,0,0,67,52,27,0,0,0,0,47
"Texas","Wichita",1994,44,40,4,0,0,0,0,61,49,22,0,0,0,0,44
"Utah","Davis",1994,361,243,107,11,0,0,0,143,78,45,4,220,133,0,4
"Utah","Garfield",1994,96,95,1,0,0,0,0,51,32,19,0,0,0,96,0
"Utah","Grand",1994,57,51,6,0,0,0,0,56,51,20,0,0,0,0,57
"Utah","Iron",1994,60,58,2,0,0,0,0,69,31,18,0,0,0,0,60
"Utah","Salt Lake",1994,365,147,172,36,10,0,0,172,109,55,31,111,104,0,119
"Utah","San Juan",1994,342,240,101,1,0,0,0,101,67,46,0,0,333,9,0
"Utah","Tooele",1994,311,295,16,0,0,0,0,90,41,22,0,0,0,0,311
"Utah","Utah",1994,365,143,213,9,0,0,0,115,87,55,90,116,134,7,18
"Utah","Weber",1994,365,192,148,24,1,0,0,164,93,50,41,178,126,0,20
"Vermont","Bennington",1994,246,177,59,9,1,0,0,164,80,43,0,0,191,33,22
"Vermont","Chittenden",1994,365,279,78,8,0,0,0,122,67,37,16,133,165,46,5
"Vermont","Rutland",1994,270,262,8,0,0,0,0,81,42,26,33,202,0,0,35
"Vermont","Washington",1994,57,57,0,0,0,0,0,46,37,16,0,0,0,0,57
"Vermont","Windham",1994,60,60,0,0,0,0,0,47,34,16,0,0,0,0,60
"Virgin Islands","St John",1994,78,56,22,0,0,0,0,87,68,32,0,0,0,78,0
"Virginia","Alexandria City",1994,364,226,116,18,4,0,0,177,87,46,1,258,105,0,0
"Virginia","Arlington",1994,365,230,95,32,7,1,0,205,101,45,4,243,118,0,0
"Virginia","Augusta",1994,175,103,62,10,0,0,0,140,93,48,0,0,175,0,0
"Virginia","Bristol City",1994,60,60,0,0,0,0,0,46,37,22,0,0,0,0,60
"Virginia","Campbell",1994,30,30,0,0,0,0,0,38,28,15,0,0,0,0,30
"Virginia","Caroline",1994,360,255,68,36,1,0,0,151,101,37,0,148,212,0,0
"Virginia","Carroll",1994,60,60,0,0,0,0,0,40,31,19,0,0,0,0,60
"Virginia","Charles",1994,361,248,86,25,2,0,0,156,88,40,0,199,162,0,0
"Virginia","Charlottesville City",1994,61,61,0,0,0,0,0,37,31,19,0,0,0,0,61
"Virginia","Chesapeake City",1994,55,55,0,0,0,0,0,46,30,18,0,0,0,0,55
"Virginia","Chesterfield",1994,238,149,57,30,2,0,0,161,108,45,0,0,213,0,25
"Virginia","Covington City",1994,59,59,0,0,0,0,0,45,39,22,0,0,0,0,59
"Virginia","Culpeper",1994,61,61,0,0,0,0,0,41,31,16,0,0,0,0,61
"Virginia","Fairfax",1994,365,188,127,36,14,0,0,200,112,49,5,220,140,0,0
"Virginia","Fauquier",1994,213,129,61,21,2,0,0,182,101,47,0,0,213,0,0
"Virginia","Frederick",1994,214,131,63,18,2,0,0,169,100,46,0,0,214,0,0
"Virginia","Fredericksburg City",1994,61,61,0,0,0,0,0,38,30,15,0,0,0,0,61
"Virginia","Giles",1994,344,216,103,21,4,0,0,166,97,45,0,0,344,0,0
"Virginia","Hampton City",1994,237,149,66,20,2,0,0,179,100,44,0,0,213,0,24
"Virginia","Hanover",1994,214,108,65,35,5,1,0,213,119,50,0,0,214,0,0
"Virginia","Henrico",1994,236,137,69,27,3,0,0,200,108,44,0,0,212,0,24
"Virginia","Henry",1994,122,91,30,0,1,0,0,151,80,43,0,0,122,0,0
"Virginia","Isle of Wight",1994,61,61,0,0,0,0,0,41,25,16,0,0,0,0,61
"Virginia","King William",1994,61,61,0,0,0,0,0,41,28,16,0,0,0,0,61
"Virginia","Loudoun",1994,59,59,0,0,0,0,0,48,31,13,0,0,0,0,59
"Virginia","Lynchburg City",1994,60,60,0,0,0,0,0,47,31,21,0,0,0,0,60
"Virginia","Madison",1994,348,207,115,25,1,0,0,161,97,46,0,0,296,52,0
"Virginia","Martinsville City",1994,59,58,1,0,0,0,0,54,32,19,0,0,0,0,59
"Virginia","Newport News City",1994,356,356,0,0,0,0,0,41,23,11,356,0,0,0,0
"Virginia","Norfolk City",1994,365,320,45,0,0,0,0,95,52,35,33,326,0,0,6
"Virginia","Northumberland",1994,63,63,0,0,0,0,0,44,32,16,0,0,0,0,63
"Virginia","Prince Edward",1994,351,251,76,22,2,0,0,161,90,40,0,0,351,0,0
"Virginia","Prince William",1994,283,216,58,9,0,0,0,150,77,39,0,67,200,0,16
"Virginia","Richmond City",1994,365,293,72,0,0,0,0,80,55,38,16,342,0,0,7
"Virginia","Roanoke",1994,365,266,77,20,2,0,0,172,90,40,0,170,195,0,0
"Virginia","Roanoke City",1994,365,347,18,0,0,0,0,73,41,17,317,0,0,0,48
"Virginia","Rockbridge",1994,35,4,31,0,0,0,0,95,83,58,0,0,0,35,0
"Virginia","Smyth",1994,61,61,0,0,0,0,0,44,30,19,0,0,0,0,61
"Virginia","Stafford",1994,212,125,62,23,2,0,0,161,105,48,0,0,212,0,0
"Virginia","Suffolk City",1994,239,139,72,25,2,1,0,202,105,45,0,0,214,0,25
"Virginia","Warren",1994,211,119,75,16,1,0,0,151,90,47,0,0,181,0,30
"Virginia","Winchester City",1994,60,59,1,0,0,0,0,52,37,18,0,0,0,0,60
"Virginia","Wise",1994,61,59,2,0,0,0,0,54,35,19,0,0,0,0,61
"Virginia","Wythe",1994,213,129,72,10,2,0,0,174,93,47,0,0,213,0,0
"Virginia","York",1994,61,61,0,0,0,0,0,38,26,17,0,0,0,0,61
"Washington","Adams",1994,56,52,4,0,0,0,0,54,47,21,0,0,0,0,56
"Washington","Asotin",1994,58,44,14,0,0,0,0,66,59,29,0,0,0,0,58
"Washington","Benton",1994,315,304,11,0,0,0,0,86,38,18,0,0,0,0,315
"Washington","Chelan",1994,70,67,1,1,0,1,0,210,38,19,0,0,0,0,70
"Washington","Clallam",1994,325,325,0,0,0,0,0,46,33,23,0,0,298,0,27
"Washington","Clark",1994,363,323,36,3,0,1,0,206,52,34,213,0,147,0,3
"Washington","Cowlitz",1994,62,61,1,0,0,0,0,56,32,21,0,0,0,0,62
"Washington","Grays Harbor",1994,61,61,0,0,0,0,0,34,29,18,0,0,0,0,61
"Washington","King",1994,365,295,67,1,0,2,0,219,56,41,227,0,103,0,35
"Washington","Kitsap",1994,163,162,1,0,0,0,0,54,38,24,119,0,0,0,44
"Washington","Kittitas",1994,97,92,5,0,0,0,0,61,42,17,0,0,0,97,0
"Washington","Klickitat",1994,239,198,39,2,0,0,0,126,54,40,0,0,188,51,0
"Washington","Pierce",1994,365,297,62,4,1,1,0,202,58,35,62,0,218,28,57
"Washington","Snohomish",1994,365,292,72,1,0,0,0,108,56,39,306,0,50,0,9
"Washington","Spokane",1994,365,164,199,2,0,0,0,105,77,52,240,0,74,0,51
"Washington","Thurston",1994,358,356,2,0,0,0,0,62,35,22,325,0,0,0,33
"Washington","Walla Walla",1994,65,52,12,1,0,0,0,110,63,27,0,0,0,0,65
"Washington","Whatcom",1994,232,226,5,1,0,0,0,112,44,31,0,0,211,0,21
"Washington","Yakima",1994,363,304,59,0,0,0,0,100,55,33,324,0,0,0,39
"West Virginia","Brooke",1994,365,290,70,2,0,3,0,281,62,27,33,0,0,0,332
"West Virginia","Cabell",1994,244,138,68,26,10,2,0,205,115,45,0,0,244,0,0
"West Virginia","Fayette",1994,51,50,1,0,0,0,0,51,38,23,0,0,0,0,51
"West Virginia","Gilmer",1994,353,274,62,15,2,0,0,169,80,36,0,0,353,0,0
"West Virginia","Greenbrier",1994,339,242,78,15,4,0,0,164,87,40,0,109,230,0,0
"West Virginia","Hancock",1994,365,230,118,16,1,0,0,154,84,43,20,37,143,0,165
"West Virginia","Kanawha",1994,365,305,51,8,1,0,0,151,64,33,111,45,191,0,18
"West Virginia","Ohio",1994,362,296,44,21,1,0,0,154,87,32,103,0,251,0,8
"West Virginia","Putnam",1994,52,51,1,0,0,0,0,51,44,21,0,0,0,0,52
"West Virginia","Tucker",1994,360,240,96,20,4,0,0,179,83,42,0,0,296,64,0
"West Virginia","Wayne",1994,182,180,2,0,0,0,0,54,29,8,130,0,0,0,52
"West Virginia","Wood",1994,233,141,51,27,13,1,0,203,129,45,0,0,209,0,24
"Wisconsin","Brown",1994,178,159,17,2,0,0,0,133,51,36,0,0,178,0,0
"Wisconsin","Columbia",1994,214,190,22,2,0,0,0,112,51,37,0,0,214,0,0
"Wisconsin","Dane",1994,365,340,21,4,0,0,0,119,48,32,185,0,172,0,8
"Wisconsin","Dodge",1994,180,158,18,4,0,0,0,115,54,38,0,0,180,0,0
"Wisconsin","Door",1994,183,129,35,12,6,1,0,208,101,41,0,0,183,0,0
"Wisconsin","Douglas",1994,61,60,1,0,0,0,0,67,29,19,0,0,0,0,61
"Wisconsin","Florence",1994,206,191,14,1,0,0,0,108,48,36,0,0,206,0,0
"Wisconsin","Fond du Lac",1994,176,153,20,3,0,0,0,122,64,39,0,0,176,0,0
"Wisconsin","Forest",1994,55,55,0,0,0,0,0,31,17,7,0,0,0,0,55
"Wisconsin","Jefferson",1994,182,153,23,6,0,0,0,136,58,39,0,0,182,0,0
"Wisconsin","Kenosha",1994,184,123,38,17,4,2,0,240,108,44,0,0,184,0,0
"Wisconsin","Kewaunee",1994,179,140,24,10,4,1,0,218,90,39,0,0,179,0,0
"Wisconsin","Manitowoc",1994,184,136,27,11,9,1,0,251,105,42,0,0,184,0,0
"Wisconsin","Marathon",1994,207,187,19,1,0,0,0,112,50,38,0,0,207,0,0
"Wisconsin","Milwaukee",1994,365,267,79,11,6,2,0,235,80,41,26,202,134,0,3
"Wisconsin","Oneida",1994,122,120,2,0,0,0,0,64,44,31,0,0,122,0,0
"Wisconsin","Outagamie",1994,176,164,10,2,0,0,0,129,48,35,0,0,176,0,0
"Wisconsin","Ozaukee",1994,212,156,35,12,8,1,0,245,96,41,0,15,197,0,0
"Wisconsin","Polk",1994,222,213,8,1,0,0,0,119,46,30,40,0,182,0,0
"Wisconsin","Racine",1994,364,323,29,7,4,1,0,232,54,29,192,0,172,0,0
"Wisconsin","Rock",1994,184,144,32,6,2,0,0,179,74,41,0,0,184,0,0
"Wisconsin","Sheboygan",1994,178,149,17,10,1,1,0,230,90,39,0,0,178,0,0
"Wisconsin","St. Croix",1994,287,268,16,3,0,0,0,126,48,27,104,0,183,0,0
"Wisconsin","Taylor",1994,356,322,31,3,0,0,0,129,50,34,0,0,356,0,0
"Wisconsin","Vernon",1994,217,198,18,1,0,0,0,115,50,35,0,0,191,0,26
"Wisconsin","Vilas",1994,361,350,11,0,0,0,0,87,43,30,0,0,360,0,1
"Wisconsin","Walworth",1994,182,127,45,8,2,0,0,166,84,44,0,0,182,0,0
"Wisconsin","Washington",1994,199,157,31,10,1,0,0,161,74,39,0,0,180,0,19
"Wisconsin","Waukesha",1994,364,330,29,4,1,0,0,164,50,27,132,0,151,0,81
"Wisconsin","Winnebago",1994,214,189,22,3,0,0,0,143,54,37,31,0,183,0,0
"Wyoming","Albany",1994,359,173,182,4,0,0,0,136,80,51,0,0,353,1,5
"Wyoming","Campbell",1994,62,57,5,0,0,0,0,70,46,26,0,0,0,0,62
"Wyoming","Carbon",1994,49,47,2,0,0,0,0,76,32,16,0,0,0,0,49
"Wyoming","Fremont",1994,219,179,40,0,0,0,0,88,62,23,0,0,0,0,219
"Wyoming","Laramie",1994,49,49,0,0,0,0,0,46,26,15,0,0,0,0,49
"Wyoming","Lincoln",1994,360,239,93,17,5,1,5,808,88,34,0,0,0,0,360
"Wyoming","Natrona",1994,47,47,0,0,0,0,0,49,31,15,0,0,0,0,47
"Wyoming","Park",1994,58,56,1,1,0,0,0,109,31,14,0,0,0,0,58
"Wyoming","Sheridan",1994,264,214,50,0,0,0,0,85,57,29,0,0,0,0,264
"Wyoming","Sublette",1994,359,251,108,0,0,0,0,100,64,46,0,0,359,0,0
"Wyoming","Sweetwater",1994,278,267,11,0,0,0,0,83,35,15,0,0,0,0,278
"Wyoming","Teton",1994,347,296,51,0,0,0,0,90,54,44,0,0,294,15,38
